"Id@github","Link@linkedin","Confidence"
"baalexander","bmalexander","70"
"baweaver","brweaver","76"
"bgoldman","bgoldman","78"
"brandonblack","brandongblack","75"
"brandoncurtis","brandoncurtis","73"
"brandondove","brandondove","74"
"brandonfujii","brandonfujii","74"
"bartt","bartt","74"
"gabeharms","gabehayes","71"
"dhirajsharma","dhirajsharma","70"
"erikdbrown","erikdbrown","78"
"erikreed","erikrdreed","71"
"erikrose","erikrose","73"
"erikvanzijst","erikvanzijst","73"
"erkgmz","erkgmz","70"
"dabrahams","daveabrahams","65"
"davedash","davedash","70"
"davekrupinski","davekrupinski","70"
"davemun","davemun","70"
"davenquinn","davenquinn","70"
"daveray","daveray78","65"
"daveschumaker","daveschumaker","75"
"dcarroll","dcarroll5","75"
"dgrijalva","dgrijalva","83"
"dherman","dherman16","70"
"dnielsen","dwnielsen","75"
"joyvuu-dave","joyvuudave","70"
"jacques-n","jacquesn","70"
"cleverdevil","cleverdevil","70"
"goldsmith","goldsmith1","70"
"graehl","jgraehl","71"
"jhersh","jhersh","70"
"jlipps","jlipps","70"
"jonahwilliams","jonahawilliams","74"
"jonalter","jonalter","76"
"jonathan-potter","jonathanmpotter","78"
"jonathanmoore","jonathanmoore213","74"
"jonathantneal","jonathanneal","70"
"jskirst","jkirst","70"
"jspooner","jspooner","73"
"jwilkins","jwilkins","78"
"artgillespie","artgillespie","70"
"ArtTucker","arttucker","78"
"osterman","osterman","77"
"poojabansal","poojakbansal","70"
"sterlingbaldwin","sterlingbaldwin","76"
"peoplemerge","peoplemerge","74"
"staringispolite","staringispolite","78"
"wuputah","wuputah","74"
"tiagorg","tiagorg","74"
"veronicaerick","veronicaerick","70"
"edwin-lai","edwinlai","70"
"edwinlin1987","edwinlin1987","75"
"ehzhang","ehzhang","70"
"mfaywu","mfaywu","70"
"artgo","artgo","73"
"hungtrv","hungtrv","70"
"gujunli","gujunli","72"
"ibrahimansari","ibrahimansari12","70"
"gcpantazis","gpantazis","70"
"georgethomas111","georgethomasst","75"
"georgeweiler","george-weiler","78"
"jdaggett","jdaggett","70"
"jemiahlee","jemiahlee","78"
"jeremybrenner","jeremybrenner1","70"
"jeremydw","jeremydw","74"
"JeremyIR","jeremyir","70"
"JeremyNixon","jeremyvnixon","83"
"jeremyruppel","jeremyruppel","82"
"JeremySilverTongue","jeremysilvertongue","81"
"jeremytoce","jeremytoce","78"
"jgillick","jgillick","78"
"jhubert","jhubert","70"
"dustin520","dustin520","70"
"DustinBaker22","dustinbaker1","70"
"gotascii","gotascii","78"
"jcccf","jcccf","70"
"JustinBeaudry","justinbeaudry","78"
"justindhill","justinhill2","70"
"JustinDSN","justindsn","70"
"justindstewart","justinnstewart","70"
"JustinLloyd","justinlloyd","75"
"justyn-clark","justynclark","70"
"patmoore","patbmoore","75"
"patrick-armitage","patrickarmitage","70"
"patrick-mcdougle","patrickmcdougle","74"
"PatrickAuld","patrickauld","82"
"patrickherrmann","patrickherrmann","73"
"patrickm02L","patrickm02l","73"
"patrickmcclory","patrickmcclory","74"
"pcostell","phcostello","70"
"pdevine","pdevine1","70"
"phunt","phunt1","74"
"preillyme","preilly","69"
"ptierney","ptierney","70"
"pwfisher","pwfisher","70"
"pzatrick","pzatrick","78"
"xiaoyifan","xiaoyifan","75"
"yifange","yifange","74"
"saadmir","saadmir","70"
"ohlhaver","ohlhaver","76"
"poonamshah","poonamshah2","70"
"ebmajor","ebmajor","70"
"hamiltop","hamiltop","90"
"hunterbridges","hunterbridges","70"
"DhruvKalaria","dhruvkalaria","70"
"gamell","gamell","82"
"joannejang","joannejang","70"
"cjnething","nething","65"
"julianhyde","hjulianrhyde","75"
"JulieHeidt","julieaheidt","70"
"juliosalvat","juliosalvat","73"
"amZotti","amzotti","70"
"anthonywittemann","anthonywittemann","70"
"chovy","chovy","70"
"nyteshade","nyteshade","70"
"pskim","pskim1","78"
"pbailis","pbailis","74"
"pdehaan","pdehaan","74"
"peterfschaadt","peterschaadt","70"
"peterhinson","peterhinson","70"
"pete0emerson","4petepeterson","75"
"prschulz","prschulz","74"
"pshatara","pshatara","70"
"pxtang","pxtang","70"
"robfletcher","robfletcher1","74"
"robgraeber","robgraeber","74"
"rrbrambley","rrbrambley","84"
"saifrahmed","saifrahmed","70"
"ebroder","ebroder","78"
"eculver","eculver","70"
"evan-carey","evancarey","74"
"EvanGoss","evangoss","70"
"evantzhao","evanzhao","70"
"evanvreeland","evanvreeland","70"
"ewinslow","ewinslow","74"
"lakshmi-kannan","lakhikannan","67"
"MarcBernstein","marcbernstein","75"
"marccampbell","marcbcampbell","74"
"marcel-valdez","marcelvaldez","74"
"marcellodesales","marcellodesales","73"
"marcharper","marcharper1","70"
"marcoshack","marcoshack","72"
"marcuscarr","marcuscarr","70"
"mcastilho","mcastilho","74"
"mjabali","jabali","70"
"arturosevilla","arturosevilla","70"
"jlamoree","jlamoree","70"
"josephAnda","josephanda","74"
"josephbaena","josephbaena","78"
"JosephLauSF","josephlau","73"
"JosephMoniz","josephmoniz","74"
"daftshady","daftshady","70"
"reedobrien","reedobrien","72"
"tigershen23","tigershen","83"
"xingzhong","xingzhongxu","75"
"Vrturo","vrturo","70"
"shevek","shevek","70"
"irosenb","irosenb","70"
"isaacmoore","isaacymoore","70"
"dahal","pdahal","78"
"kellyhiggins","kellyhiggins1","70"
"arulprasad","arulprasadj","67"
"micahstubbs","micahstubbs","74"
"ed-flanagan","edflanagan0","74"
"etanlubeck","etanlubeck","70"
"kevbaker","kevbaker","67"
"kevinzwhuang","kevinkhuang","82"
"kevhuang","kevhuang","78"
"Kevin-Prichard","kevinprichard","78"
"kevinastone","kevinmstone","76"
"kevinaujla","kevinaujla","78"
"kevinburke","kvnburke","75"
"kevinchappell","kevintchappell","72"
"kevincoakley","kevcoakley","76"
"kevincon","kevincon","70"
"kevinelliott","qkevinelliott","75"
"KevinPike","kevinepike","78"
"kevinsawicki","kevinsawicki","70"
"kevinswiber","kevinswiber","70"
"kevinwestern","kevinwestern","78"
"kfitzpatrick","cg1kfitzpatrick","74"
"kkragenbrink","kkragenbrink","74"
"kmeraz","kmeraz","74"
"krohling","krohling","70"
"anantag","anantag","70"
"jae-shin","jaeshin","78"
"jaekwon","jaekwon","74"
"carlbernardo","carlbernardo","70"
"carlosdp","carlosdp","70"
"bassettsj","bassettsj","78"
"bjorg","bjorg","70"
"natea","natea","73"
"natebirkholz","natebirkholz","70"
"natemcguire","natemcguire","78"
"natewalck","natewalck","74"
"natewinn","natewinn","70"
"reidmix","reidmix","74"
"xissy","xissy","74"
"shichao-an","shichaoan","78"
"stuartstein","stuartstein","70"
"ngokevin","ngovkevin","74"
"vikmeup","vikmeup","75"
"prafulrana","prafulrana","78"
"sdao","shdao","78"
"sdwebster","scawebster","70"
"sfackler","sfackler","70"
"sfines","fines","70"
"slacy","slacy","70"
"smparkes","smparkes","70"
"snwight","smwight","70"
"srubin","sdrubin","70"
"stevegury","stevegury","73"
"stevejs","stevejs","70"
"steveklebanoff","steveklebanoff","72"
"stevemanuel","stevemanuel","70"
"StevenChung","stevenchung1","70"
"stevendbrown","stevenmbrown04","67"
"stevendnoble","stevennoble","70"
"stevenheidel","stevenheidel","73"
"stevenjing","stevenjing","78"
"stevenkword","stevenword","71"
"stevenolen","stevenlnolen","70"
"stevenrich","stevenrich91","74"
"stevetjoa","stevetjoa","70"
"steveyen","steveyen","70"
"stgallagher","scgallagher","74"
"straversi","straversi","73"
"gpaumier","gpaumier","74"
"BasSondag","bas-sondag","70"
"armandofox","armandofox","73"
"huyhong","huyhong","74"
"aphyr","aphyr","70"
"kflorence","kflorence","72"
"kpennell","kpennell","70"
"ksespinola","ksespinola","75"
"Kyle-Falconer","kylefalconer","70"
"KyleBarbauld","kylebarbauld","70"
"kyleburton","kyleburton1","74"
"kylehayes","kylehayes","75"
"kylehilton92","kylehilton92","70"
"kyleludlow","kyleludlow","74"
"kylemanna","kylemanna","70"
"oscartaracena","ioskartaracena","70"
"tbuckley","tombuckley","70"
"tleach","teleach","74"
"tlrobinson","tlrobinson","74"
"tmaiaroto","tmaiaroto","70"
"tmarthal","tmarthal","74"
"tombenner","tombenner","82"
"tomjakubowski","tjakubowski","74"
"tphummel","tomphummel","70"
"saikat","saikatc","81"
"nguyenhuy","nguyenhuy89","70"
"stcalica","stcalica","82"
"voberoi","voberoi","70"
"jaisingh","jaising","70"
"luigisison","luigisison","74"
"garrettwong","garrettwong58","76"
"goodgravy","goodgravy","73"
"jagill","jagill","75"
"jamesalbert","jamesalbert1","76"
"JamesCarl","jamesecarl","74"
"jamesdaniels","jamesdaniels","82"
"jameshwang","jameshwang1","82"
"thejameskyle","thejameskyle","82"
"jameskyle","jamesfkyle1","70"
"jamespedwards42","jamesedwards1","70"
"jameswhiteman","jameswhiteman","74"
"jdforrester","jdforrester","70"
"jmayfield74","jmayfield2","70"
"jwachira","jwachira","70"
"Mavmeister","mavmeister","78"
"lightster","lightster","70"
"m-renaud","merenaud","70"
"mateolan","mateolan","73"
"mattahorton","mattshorton","70"
"mattbaird","mattbaird","74"
"mattbarackman","mattbarackman","70"
"mattbasta","mattbasta","74"
"mattcano","mattcano","70"
"mattdodge","mattdodge","74"
"mattdot","mattdot","70"
"MattHarrington","mattharrington","73"
"matthauck","matthauck","65"
"matthew-brett","matthewbrett","74"
"matthewachan","matthewchan","74"
"matthewkulp","matthewkulp","70"
"MatthewWelch","matthewwelch2","70"
"mattlevan","mattlevan","70"
"mattpardee","mattpardee","74"
"mattpetrie","mattpetrie","74"
"mattrudder","mattrudder","70"
"mattsnider","mattsnider4","70"
"mattsoldo","mattsoldo","82"
"mattwkelly","mattwkelly","78"
"mcowger","mcowger","70"
"mdlincoln","mdlincoln","75"
"mduvall","mduvall","67"
"megahall","megahall","70"
"mattlong","mattluongo","82"
"mluedke2","mluedke2","78"
"mmontag","mamontag","67"
"mmorey","mmorey","70"
"edwardvalentini","edwardvalentini","78"
"carriesmith","carriesmith8","70"
"smashind","smashind","70"
"rekhajoshm","rekhajoshm","78"
"mpharrigan","mharrigan","70"
"mpurland","mpurland","78"
"mrduncan","mrduncan","81"
"mrichardson23","mrichardsontid","71"
"msparks","msparks81","65"
"mtodd","mptodd","71"
"webbower","webbower","70"
"wallerdev","wallerdev","78"
"yalcindo","yalcindo","70"
"praphull27","praphull","74"
"Zeelot","zeelot","74"
"shobhitg","shobhit9","74"
"oguzbilgic","oguzbilgic","74"
"oguzserdar","oguzserdar","78"
"viksit","viksit","78"
"kenny-hibino","ken-hibino","78"
"kgilmer","kengilmer","65"
"kmayer","kemayer","75"
"krobertson","kenrobertson","76"
"jmcgarr","jmcgarr","70"
"mikedfunk","mikejfunk","74"
"mikedougherty","mikedougherty1701","67"
"MikeEmery","mike-emery","73"
"mikeerickson","mikerickson","74"
"mikeflynn","mikeflynn6","73"
"mikefowler","mikefowler","74"
"mikelblake","mikelblake","70"
"mikemccabe","mikemccabe1","70"
"mikemccready","mikemccreadymba","75"
"MikeMeaney","mikemeaney","70"
"mikespangler","mikespangler","70"
"mikestecker","mikestecker","70"
"mikeyoon","mikeyoon","75"
"mivanov","miivanov","72"
"mmaelzer","maelzer","82"
"moneill","mdoneill","70"
"LuqiPan","luqipan","78"
"taylorleh","taylorleh","75"
"mpercy","mapercy","70"
"msassak","msassak","78"
"mtravers","mdtravers","72"
"ricardotealdi","ricardotealdi","74"
"sujoyg","sujoyg","78"
"prateekvjoshi","prateekjoshi","70"
"vimalthilak","vimalthilak","70"
"oliverpaisley","oliverpaisley","70"
"oliversong","oliversong","70"
"owise1","owise1","74"
"rgarver","rgarver","75"
"rhass","rhass","70"
"rringler","rringler","73"
"Ryan-McBride","ryanpmcbride","70"
"Ryan-Yu","ryanyu","70"
"ryanbaumann","ryanbaumann","73"
"ryancbarry","mryanbarry","70"
"ryandoherty","ryandoherty1","70"
"ryanjadhav","ryanjadhav","75"
"ryankirkman","ryanckirkman","82"
"ryanlecompte","ryanlecompte","82"
"RyanNaughton","ryannaughton","70"
"ryanoneill","ryanconeill","73"
"ryanstevens","ryanstevens","81"
"ryanuber","ryanuber","70"
"ryanve","ryanve","78"
"RyanWarner","rnwarner","81"
"rynocouse","ryancouse","65"
"daksharma","dakshsharma","70"
"drewrothstein","drewrothstein","78"
"clarson283","clarson283","70"
"billfranz00","billfranz00","81"
"billyvg","billyvong","65"
"bsmartt13","bsmartt13","82"
"bvierra","bvierra","70"
"carsongross","carsongross","73"
"nagalluri","nagalluri","70"
"yashbathia","yash-bathia","74"
"yashshah","yashshah1","70"
"cartershanklin","cartershanklin","70"
"gazimahmud","gazimahmud","71"
"mickaelpham","mickaelpham","73"
"DalerAsrorov","dalerasrorov","74"
"dlbewley","dalebewley","70"
"edgibbs","edgibbs","70"
"lawrencegomez","lawrencegomez","70"
"bobzoller","bobzoller","70"
"kepford","kepford","74"
"machouinard","markchouinard","70"
"markalinn","marklinn","70"
"markcerqueira","markcerqueira","74"
"markholmes","markrholmes","70"
"markleppa","markleppa","70"
"markscholtz","markscholtz","74"
"markuscraig","markjcraig","70"
"mfine","mafine","70"
"mhayes","mahayes","74"
"mmcgrana","mmcgrana","74"
"iamcal","iamcal","70"
"JanCVanB","jancvanb","70"
"rfdougherty","bodougherty","70"
"mqprichard","mprichard","82"
"mynnx","mynnx","70"
"zyklus","zyklus","78"
"topherwhite","topherwhite","78"
"NamTThai","namthai","70"
"samehkhamis","samehkhamis","78"
"gcarothers","gcarothers","70"
"coryasato","coryasato","78"
"corytheboyd","corytheboyd","70"
"corywalker","corywalker1","70"
"dnahol","dnahol","70"
"miguelsousa","miguelsousapt","74"
"mackenziehicks","mackenziehicks","70"
"hatone","hatone","87"
"dirk-thomas","dirkthomas","75"
"janephilipps","janephilipps","70"
"janetkuo","janetkuo","74"
"dackerman","dmackerman","70"
"davdkm","dvdkm","70"
"davidamidon","davidamidon","70"
"davidchiles","davidchiles","70"
"DavidChouinard","davidchouinard1","74"
"daviddengcn","daviddeng","74"
"DavidDeSimone","daviddesimone","70"
"davideast","davideastvw","74"
"davidfischer","davidfischer99","70"
"davidmarin","davidhmarin","70"
"davidmote","davidmote","74"
"davidneudorfer","davidneudorfer","70"
"davidrleonard","davidhleonard","74"
"davidstrauss","davidwstrauss","70"
"davidtansf","davidtantw","70"
"davidvictor","davidhvictor","70"
"dbieber","dbieber","70"
"dblevins","dblevins","73"
"dbushong","dbushong","70"
"dfreerksen","dfreerksen","75"
"tsaiDavid","laidavid","73"
"dmaust","maust","70"
"daviddever","daviddeller","70"
"dmdeller","dmdeller","73"
"dmzza","dmazza","70"
"dsboulder","dsboulder","82"
"dtee","dvtee","70"
"DTrejo","dtrejo","78"
"dweldon","daweldon","76"
"electrum","electrum","73"
"glasser","dglasser","70"
"koblas","koblas","70"
"clayrichardson","clayrichardson","70"
"iamcutler","iamcutler","73"
"jiangts","jiangts","70"
"faisalmansoor","faisalmansoor","82"
"aneesh-neelam","aneeshneelam","70"
"ekong2","ekong2","70"
"narenst","narenst","73"
"rizwanreza","rizwanreza","70"
"yiqin","yiqin1","70"
"omarqx","omarqa","70"
"osdiab","odiab","75"
"zackargyle","zackargyle","82"
"zackbrown","zackbrown1","70"
"clintcparker","clintonparker","70"
"clintonskitson","clintonkitson","74"
"clintworrell","clintworrell","70"
"3zcurdia","3zcurdia","70"
"lasl321","lasl321","70"
"jarrettch","jarrettch","70"
"cat-haines","cathaines","73"
"boeric","boeric00","67"
"laynefaler","laynefaler","70"
"damoncrockett","damoncrockett","74"
"jaredcwhite","jaredrwhite","71"
"jareddlc","jareddlc","70"
"jaredhanson","jaredhanson","70"
"jaredmoody","jaredmoody","70"
"JaredRoth","jaredsroth","70"
"jaredrummler","jaredrummler","74"
"jaredsburrows","jaredsburrows","70"
"ashblue","ashblue","70"
"taliegarcia","taliegarcia","78"
"vincentmac","vincentmac","70"
"prudentprogrammer","prudentprogrammer","74"
"samiur","samiurr","78"
"kesava","kesava","70"
"caynan","caynan","78"
"divyekapoor","divyekapoor","70"
"joonspoon","joonspoon","70"
"johansson","wjohansson","70"
"MadhuriShah","madhurishah","70"
"jatinpandey","jatinpandey","70"
"danafallon","danafallon","70"
"danawoodman","danawoodman","76"
"manulohiya","manulohiya","78"
"iamwilhelm","iamwilhelm","70"
"angrobertsh","angrobert","70"
"omidnoorani","omidnoorani","70"
"svallory","svallory","70"
"throughnothing","throughnothing","75"
"wcharczuk","wcharczuk","78"
"williamalu","williamlu","70"
"williamcotton","williamcotton","70"
"willnorris","will-norris","75"
"wlaurance","wlaurance","74"
"wlindner","wlindner","82"
"wting","witing","70"
"rfadams","rfadams","74"
"rlqualls","rlqualls","70"
"rmd6502","rmd6502","70"
"rnavarro","ranavarro","70"
"RobertKim","robertgkim","70"
"robertroeser","robertroeser","73"
"robmcarrier","robertmcarrier","67"
"rplevy","rplevy","78"
"shedd","rshedd","73"
"ldionne","ldionne","73"
"louisfeng","louisfeng","70"
"louishoang","louishoang88","70"
"milincjoshi","milincjoshi","70"
"diwu1989","diwu1989","70"
"fkling","fkling","70"
"fsalum","fsalum","70"
"kerryjiang","kerryjiang","70"
"beckybeauchamp1","beckybeauchamp","70"
"sventech","sventechie","75"
"stefanzier","stefanzier","74"
"swrobel","swrobel","70"
"caseyhoward","caseyhowardco","70"
"caseyjlaw","caseylaw","75"
"caseysackett","caseysackett","78"
"edspencer","edspencer85","70"
"ajryan","airyan","70"
"darinwilson","darinwilson","70"
"montanaflynn","montanaflynn","74"
"montanalow","montanalow","82"
"aniket-deole","aniketdeole","70"
"c-johnson","cjohnson9","65"
"cacoco","ccoco","82"
"cbeer","zbeer","70"
"ChristopherHaws","christopherbowns","70"
"cbrauchli","cbrauchli","67"
"cduchesne","cduchesne","75"
"cfregly","cfregly","74"
"chdmark","chdmark","70"
"chfritz","cefritz","75"
"Chris-G-Bowles","chrisbowles","67"
"chrisabruce","chrispbruce","74"
"chrisamccoy","chrisamccoy","74"
"chrisballinger","chris-ballinger","70"
"ChrisBeaumont","chrisbeaumontuk","82"
"chrisboulton","chrisboulton1","74"
"ChrisCinelli","criscinelli","70"
"chrisdanford","chrisdanford","82"
"chrisdonahue","chrisdonahue","74"
"chriseppstein","chriseppstein","70"
"ChrisFrench","chrisfrench39","70"
"chrisgillis","chrisgillis","73"
"chrisgriffith","chrisgriffith","74"
"chrislloyd","jchrislloyd","73"
"ChrisMcKenzie","chrismckenzie37","74"
"chrismiles","chrismiles1","70"
"chrisnash","chrisnash1","70"
"chrispolk","chrispolk","70"
"chrissrogers","chrissrogers","82"
"christinajensen","cjchristinajensen","70"
"christopherjwang","christopherroywang","70"
"christopherpeaton","christopherkeaton","70"
"ChristopherSalam","christophersalam","73"
"cjlarose","cjlarose","70"
"cjmerrick","chmerrick","71"
"clatko","clatko","70"
"ChristopherA","christopherlin","71"
"cmstead","cdstead","70"
"cpetersen","cmpetersen","74"
"CPLamb","ctlamb","75"
"csreyes","csreyes92","65"
"ctcherry","chcherry","70"
"cvincent","chvincent","70"
"cwebberOps","cwebberops","74"
"geirman","geirman","70"
"gotgenes","gotgenes","75"
"milliechan","milliechan","70"
"leaena","leaena","79"
"FanyaYoung","fanyayoung","78"
"zumwalt","zumwalt","74"
"rebekahkwon","rebekahkwon","70"
"neocsr","neocsr","70"
"whitmanc","cwhitman8","66"
"Winslett","winslett","83"
"sinanuozdemir","sinanozdemir","70"
"darrenboyd","darrenboyd","78"
"darrylkuhn","darrylkuhn","70"
"animesh-garg","animeshgarg","75"
"colin-scott","colinrscott","73"
"colinkahn","colinkahn","70"
"colinlmcdonald","colinmcdonald2","70"
"colinmarc","colinman","73"
"colinskow","colinskow","70"
"colinsullivan","colinasullivan","70"
"ketankshukla","ketanshukla","70"
"zhiyiw","zhiyiwu","75"
"vivianhoang","vivianhoang","70"
"ultralame","ultralame","74"
"singhenso","singhenso","70"
"tongueroo","tongueroo","78"
"akbarahmed","akbarahmed","70"
"magneland","magneland","70"
"efremidze","efremidze","73"
"FarhadG","farhadg","73"
"espmartin","espmartin","70"
"martinemde","martinemde","74"
"aniruddhadas9","aniruddhadas9","74"
"AnirudhVyas","anirudhvyas","70"
"darylchang","darylchang","70"
"valgaze","valgaze","78"
"victorliu","victorjliu","70"
"victormejia","victormejia","75"
"mrdooz","mrdooz","70"
"sarahmei","sarahmei","78"
"sfalkoff","sarafalkoff","68"
"igorbarinov","igorbarinov","74"
"igorshapiro","igorshapiro","70"
"leegao","leegao","70"
"anishacharya","anishacharya2","74"
"cchamberlain","colechamberlain","70"
"colegeissinger","colegeissinger","74"
"botaohu","botaohu","76"
"alagappanr","alagappanv","70"
"Efren-Barragan","efrenbarragan","70"
"gene1wood","genewood","70"
"generhim","generhim","70"
"joelfrederico","joelfrederico","76"
"tommykho","tommyho","70"
"nicolewhite","nicolewhite2","74"
"nlacasse","nlacasse","70"
"yxiong","ylxiong","82"
"jacobjennings","jacobnjennings","74"
"jakecraige","jamescraige","70"
"eknowledger","eknowledger","70"
"jcarapia","jcarapia","70"
"LeeGar","leegar","70"
"alan-choi","alanchoi","70"
"alangpierce","alanpierce","75"
"alanhogan","alanhogan","70"
"ldong","ldong1","70"
"grantbow","grantbow","70"
"grantjenks","grantjenks","70"
"oshalygin","oshalygin","70"
"nelsonjchen","nelsonchen5","73"
"teddziuba","teddziuba","80"
"TedStudley","tedstudley","82"
"traytonwhite","traytonwhite","73"
"ankurdave","ankurdave","74"
"ehsalazar","ehsalazar","70"
"maksimu","maksimu","70"
"ijayasin","ijayasin","70"
"gjtrowbridge","gjtrowbridge","78"
"gmethvin","methvin","70"
"gosuri","gosuri","74"
"gregburek","gregburek","73"
"greggawatt","greggawatt","74"
"gregmoser","gregmoser","70"
"gregrperkins","gregperkins","70"
"gregsabo","gregasabo","70"
"gregspurrier","gregspurrier","73"
"gregsqueeb","gregsqueeb","70"
"grepory","grepory","78"
"gsmcwhirter","gsmcwhirter","74"
"minsoo91","minsoo1","70"
"a2lin","a2lin","70"
"ademars94","ademars94","70"
"AlexanderMonsanto","alexandermonsanto","73"
"AlexBravo","alesibravo","70"
"alexcastillo","alexcastillo1","70"
"alexebird","alexbird","70"
"alexflint","alexflint","84"
"alexglow","alexglow","77"
"alexhawkins","alexhawkinsme","74"
"alexrudy","alexrudy","74"
"alextsui05","alextsui","74"
"amuramoto","amuramoto","70"
"astephen2","astephen2","82"
"bitfyre","bitfyre","73"
"cyrusmith","cyrusmith","70"
"eggie5","eggie5","74"
"leishman","aleishman","70"
"LK4D4","lk4d4","72"
"ggrossman","ggrossman","73"
"aleclarson","alec-larson","70"
"jcmvbkbc","jcmvbkbc","70"
"maxbeatty","maxbeatty","78"
"MaxSchultz","maxschultz","74"
"chuckreynolds","chuckreynolds","74"
"vutran","vuhtran","70"
"tekknolagi","tekknolagi","70"
"malavbhavsar","malavbhavsar","70"
"tonytamsf","tonytamsf","78"
"dbhaskaran","dbhaskaran","70"
"harpreetsingh","harpreetsingh98","74"
"eileenconner","eileenconner","70"
"morganwallace","morganmwallace","74"
"bengolder","bgolder","69"
"benguillet","bguillet","74"
"benjaminhoffman","benjaminlhoffman","75"
"boertel","boertel","70"
"gleitz","gleitz","70"
"sdejean","sdejean","70"
"sebastiangeiger","sebastiangeiger","74"
"ssoudan","ssoudan","70"
"rochelleterman","rochelleterman","70"
"tonycosentini","tonycosentini","78"
"tonyghita","tonyghita","73"
"tonyta","tonyta","83"
"tonythomson","tonythomson","78"
"dwighthubbard","dwighthubbard","70"
"maximkulkin","maximkulkin","70"
"ekiwan","ekiwan","78"
"jbouhier","jbbouhier","70"
"jeaniejung","jeaniejung","70"
"JeanSebTr","jeansebtr","70"
"jrichardlai","jeanrichardlai","79"
"agganderson","aliganderson","70"
"eclifford","eclifford","75"
"eedeebee","eedeebee","70"
"ehough","ehough","70"
"ejconlon","ejconlon","82"
"Eric-Gonzalez","ericegonzalez","70"
"eric-stanley","ericrstanley","74"
"Eric-Vandenberg","eric-vandenberg","70"
"erichosick","erichosick","70"
"erichsu7","erichsu7","78"
"ericjohnston1989","ericjohnstonms","65"
"EricMFischer","ericjfischer","75"
"ericmwalsh","ericmwalsh1","70"
"ericrwolfe","ericrwolfe","70"
"ericsysmin","ericsysmin","74"
"erictheise","erictheise","78"
"erictu","erictu","74"
"esammer","esammer","87"
"esigler","esigler","78"
"Firehed","firehed","70"
"cynthiaechen","cynthiachen1","70"
"samuel","samuelks","68"
"razfar","razfar","74"
"alfonsoperez","alfonsojperezm","74"
"ilganeli","ilganeli","78"
"bengl","bengl","74"
"bryanchang","bryankchang","78"
"bryanjenningz","wbryanjennings","70"
"bryankaraffa","bryankaraffa","70"
"bryanmojica","bryanmojica","70"
"Bryanprz","bryanprz","70"
"bryansattler","bryansattler","70"
"BryantLuu","bryantluu","70"
"bryanveloso","bryanveloso","70"
"cooloney","cooloney","70"
"harshavardhana","harshavardhanar","73"
"dodeja","dodeja","70"
"jduhamel","jduhamel","70"
"joeblau","joeblau","70"
"joedevon","joedevon","73"
"JoeDoyle23","joedoyle68","74"
"joefallon","jdfallon","65"
"JoeFerrucci","joeferrucci","70"
"joemccann","joemccann","70"
"joemcmahon","jpmcmahon","75"
"joeworkman","joeworkman","70"
"josephgrossberg","joegrossberg","70"
"jprempeh","joeprempeh","70"
"jroers","joeroers","68"
"anotherjesse","anotherjesse","82"
"hathawayjess","hathawayjess","70"
"jayunani","jayunani","70"
"jessedhillon","jessedhillon","70"
"jesseditson","jesseditson","78"
"jessefulton","jessefulton","82"
"jessesquires","jessesquires","78"
"jesseward","sjesseward","70"
"jproulx","jproulx","70"
"zakiali","zakiali","70"
"RISCfuture","riscfuture","84"
"theckman","timheckman","70"
"timburks","timburks","70"
"TimCannady","timcannady","70"
"timdang","timdang","75"
"timfulmer","timfulmer","70"
"timhall1","timhall5","70"
"timhudson","timwhudson","75"
"timkendall","timjkendall","74"
"timmatheson","timmatheson","70"
"timonus","timonus","82"
"timsu","timysu","74"
"timwilkens","timwilkens","70"
"tjarratt","timjarratt","70"
"ravikalaga","ravikalaga","74"
"ozeias","ozeias","78"
"say2joe","say2joe","70"
"toadkicker","toadkicker","70"
"BennettSmith","bennettmsmith","70"
"barmstrong","barmstrong","78"
"bchu","brchu","76"
"bcjordan","bcjordan","82"
"bcwaldon","bcwaldon","74"
"bdmac","bdmac","83"
"bdurand","bbdurand","78"
"bhaberer","bhaberer","83"
"brianmartin","brianmorton","74"
"brainstarr","brianrstarr","78"
"bredfern","bmredfern","74"
"BrianBland","briantbland","82"
"briandang714","briandang714","70"
"briandoll","briandoll","73"
"brianjsykes","brianhsykes","70"
"brianjwoo","brianwoo1","73"
"briankennedy1","briantkennedy","70"
"BrianLoughnane","brianloughnane","70"
"brianmario","brianmario","82"
"brianriley","briangriley","67"
"brianseitel","brianseitel","70"
"BrianSipple","briansipple","82"
"briansoule","briansoule","70"
"briansudo","briansudev","70"
"brianswisher","jbrianswisher","74"
"brianvoss","brian-voss","70"
"bsletten","bsletten","70"
"btford","bcford","70"
"btholt","btholt","78"
"bvaughn","btvaughn","73"
"bwood","bswood","70"
"JBrianGordon","briangordon","70"
"jibrian","jibrian","70"
"elainekmao","elainemao","78"
"elaineo","elaineo","70"
"Haseeb-Qureshi","haseebqureshi","74"
"malmckay","malmckay","74"
"gian","gianp","78"
"kishkaru","kishkaru","70"
"kishore-narendran","kishorenarendran","70"
"jtrenton21","jtrenton","70"
"jimbrowne","jmbrowne","70"
"jimbru","jimbru","78"
"jimfleming","jimmfleming","75"
"jimobrien","jmobrien","74"
"swetland","swetland","70"
"wardbell","wardbell","74"
"pablobrady","paulbrady","82"
"paulchino","paulchang","65"
"paulcollinsiii","paulcollinstipp","70"
"paulnsorensen","paulsorensen1","74"
"paulpdaniels","paul-daniels","75"
"paulshen","paulshen0","70"
"pquerna","pquerna","78"
"trentonstrong","trentonstrong","70"
"rachelmyers","rachelmyers","83"
"puls","jpuls","78"
"anshulverma","dranshulverma","75"
"mitchconquer","mitchconquer","73"
"cody-greene","codymgreene","75"
"codykrieger","codyrkrieger","73"
"judytuna","judytuna","78"
"audreycole","audreycole","70"
"kbuckler","kbuckler","73"
"kennydo","kennydo","70"
"kennyt","kennylt","70"
"alvinlai","alvinlaiwh","70"
"ayuan214","ayuan214","75"
"fvntr","fvntr","70"
"macressler","macressler","70"
"jeddawson","jeddawson","70"
"federicobucchi","federicobucchi","74"
"aaronbuchanan","aaronbuchanan","70"
"aaroncox","aaroncox32","73"
"AaronJuarez","aaron-juarez","70"
"aaronkim5","aaronkim5","78"
"aaronroberson","aaronroberson","70"
"aaronsakowski","aaronsakowski","78"
"aarontam","aarontam","78"
"agchou","agchou","70"
"AGFeldman","afeldman1","65"
"amdtech","amdtech","82"
"arusso","aarusso","70"
"eightysteele","eightysteele","70"
"pagebrooks","pagebrooks","70"
"sayem","sayemk","70"
"philip-peterson","philiplpeterson","73"
"philipcolejohnson","philipljohnson","70"
"philipwalton","philipwalton","70"
"philkeys","philkeys1","75"
"phillipjohnston","phillipjohnston1","76"
"philmui","philmui","70"
"phlipper","phlipper","70"
"rodrigosetti","rodrigosetti","73"
"rsampaio","rsampaio","82"
"HBehrens","hbehrens","70"
"filipecrosk","filipecrosk","70"
"filkuzmanovski","filipkuzmanovski","70"
"mitulap","mitulap","70"
"ianbrandt","iansbrandt","70"
"IanConnolly","iconnolly","74"
"iandanforth","iandanforth","75"
"IanSpringer","ianspringer","70"
"igmcdowell","igmcdowell","82"
"simonmichael","simon-michael","73"
"simonprickett","simonprickett","73"
"zain","zainm","74"
"pablobarbera","pablobarbera","75"
"pjadzinsky","pjadzinsky","75"
"rohan-joshi","rohanjoshi","70"
"raejin","raejin","70"
"bentona","bentonja","70"
"fmaker","fmaker","70"
"frankleng","frankleng","70"
"frankzwang","frankqwang","70"
"franzparks","franzparks","74"
"anujaverma11","anujaverma1","78"
"jackchi","jackchi","70"
"jackjennings","jackjennings","74"
"jacknguyen","jackcnguyen","73"
"jherr","jherr","74"
"mejackreed","jackreed","74"
"alicenguyen","alice-nguyen","70"
"smockle","smockle","70"
"owenscott","owenscott","70"
"tyejones","tyejones","82"
"jenlampton","jenlampton","75"
"jenscobie","jenscobie","82"
"liamdon","liamdon","79"
"klausbadelt","klausbadelt","70"
"avalanche123","avalanche123","74"
"AdamAndrus","adam-andrus","70"
"AdamBCo","adambco","82"
"adamberman","adamberman","74"
"adamgibbons","adamcgibbons","71"
"AdamLawicki","adamlawicki","70"
"adamloo85","adamloo","65"
"adammclean","adammclean1","70"
"adamstegman","adamstegman","78"
"adamtait","adamvtait","70"
"adamwalz","adamwalz","82"
"adepue","adepue","70"
"adjohn","adjohn","74"
"CrabDude","crabdude","74"
"berianjames","berianjames","72"
"hc5duke","hc5duke","82"
"mars","marsi","70"
"anupamkaul","anupamkaul","70"
"joeyyang","joeyjyang","78"
"dmlittle","dmlittle","74"
"giuliomarin","giuliomarin","73"
"lauraskelton","lauraskelton","71"
"laurenjrichie","laurenjrichie","78"
"mwhuss","mwhuss","70"
"snambi","snambi","70"
"zbowling","zbowling","82"
"zconnelly13","zconnelly13","70"
"ingridavendano","ingridavendano","70"
"heardrwt","heardrwt","81"
"avipatel91","avipatel1","70"
"alevchuk","alevchuk","73"
"brunobeltran","brunobeltran","74"
"brunotg","brunot","82"
"libin","libin","73"
"BernhardKonrad","bernhardkonrad","70"
"weiweichen","weiweichen07","70"
"richardking","richardlung","74"
"richardfickling","richardfickling","70"
"RichardJordan","richarddjordan","70"
"richardmarshall","richardmarshall","73"
"richardstanley","richardmstanley","74"
"richgieg","richgieg","70"
"RichMorin","richmorin","70"
"RichOren","richoren","70"
"richrines","richrines","83"
"richstoner","richardstoner","68"
"rjhintz","rjhintz","74"
"rkuo","rikuo","70"
"rtfeldman","rtfeldman","75"
"RWTreichel","rwtreichel","70"
"seato","seato","74"
"sidbatra","sidbatra","74"
"siddarth","siddarthc","74"
"sjolsen","sjolsen","74"
"StuartHa","stuartha","70"
"stuross","stuross1","74"
"carver","jcarver","70"
"jansel","jansel","78"
"jasobrown","jasontbrown","74"
"jasonaibrahim","jasonibrahim","70"
"jasonbaker","jasonjbaker","72"
"jasonbio","jasonbio","74"
"jasonjchang","jasonjchang","73"
"jasonkriss","jasonkriss","75"
"jasonlally","jasonlally","75"
"jasonly","jasonly1","70"
"jasonraimondi","jasonraimondi1","70"
"jasonscharff","jasonscharff","70"
"jasonwiener","jasoniwiener","70"
"jjwon0","jjwon","78"
"jlquaccia","jlquaccia","70"
"jasonmay","jasonmay","82"
"jdcrensh","jdcrensh","70"
"jheise","joheise","70"
"jkschneider","jonkschneider","73"
"jon-choi","jon-choi","70"
"jon-eckstein","joneckstein","78"
"JonAbrams","jabrams","71"
"jondwillis","jonwillis","70"
"jonfairbanks","jonfairbanks","70"
"jonlunsford","jonlunsford","75"
"jonsadka","jonsadka","74"
"jontejada","jontejada","82"
"deanputney","deanputney","74"
"cezarywojcik","cezarywojcik","70"
"marwahaha","marwahaha","70"
"junzh0u","junzh0u","73"
"abdullahaalam","abdullahaalam","70"
"daguej","daguej","82"
"jalehman","jalehman1","70"
"jfred","jfred","70"
"jhartman","jhartman","70"
"jlevine22","jlevine","65"
"joshfraser","joshuafraser","78"
"joshfrench","joshfrench","74"
"joshfry","joshdfry","75"
"JoshHighland","joshhighland","70"
"joshlbaker","joshlbaker","74"
"JoshRosen","josharosen","73"
"JoshuaGross","joshgross","84"
"joshuamckenty","joshuamckenty","82"
"JoshuaSP","joshuasp","70"
"joshuata","joshuata","75"
"joshuathayer","joshuathayer","73"
"joshwalters","joshmwalters","74"
"jwise","jwise1","70"
"coderkat","coderkat","70"
"kathy-ems","kathyems","70"
"raheelahmad","raheelahmad20","73"
"subakva","subakva","74"
"parasj","parasj","70"
"nealhardesty","nealhardesty","83"
"nealwu","nealwu","70"
"nickbp","nickbp","70"
"sdether","sdether","70"
"rustyrazorblade","rustyrazorblade","70"
"grempe","grempe","78"
"ccheever","ccheever","70"
"charleschen","charleshmchen","70"
"CharlesHurt","charleshurt","74"
"charlesmadere","charlesmadere","70"
"CharlieHess","charliehess","74"
"charlieoleary","charlieoleary","74"
"charlieyan","charlieyan","70"
"charutiwari04","charutiwari04","70"
"chooper","chooper","75"
"cssimms","cssimms","78"
"cyzhao","czhao","70"
"maryamklabib","maryamlabib","70"
"bsiddiqui","bsiddiqui","70"
"cgcardona","gcardonag","69"
"gabrielcastillo","gabrielcastillo","70"
"gabrielrinaldi","gabrielrinaldi","74"
"gpeal","gpeal","70"
"abhishekdewan101","abhishekdewan","75"
"abhitrivedi","abhinavtrivedi","72"
"coderplay","coderplay","73"
"dovekie","dovekie","70"
"lingsitu1290","lingsitu1290","78"
"rahul-nath","rahulpnath","70"
"sidharthgoel","sidharthgoel","70"
"ralphpina","ralphpina","82"
"wesalvaro","wesalvaro","70"
"ronaknnathani","ronaknnathani","75"
"sethah","sethah","74"
"sethladd","sethladd","74"
"SethMilliken","sethmilliken","70"
"sethvoltz","sethvoltz","70"
"sunseth","sunseth","70"
"lucasqiu","lucasqiu","70"
"lucaswiman","lucaswiman","70"
"bradencanderson","bradenanderson","70"
"bradfordbarr","bradford-barr","72"
"bradvogel","bradvogel","78"
"metadaddy","metadaddy","82"
"cadizm","cadizm","70"
"cmswalker","mswalker","74"
"fluhartyml","fluhartym","68"
"kmjch","kmjch","70"
"kovacs","kovacs","83"
"marineam","marineam","70"
"mbarrien","mbarrien","70"
"mcreinhard","mcreinhard","78"
"mcritz","mcritz","70"
"mcrumm","mcrumm","74"
"mdykman","mdykman","75"
"michaelbpaulson","michaelcpaulson","74"
"michaelchadwick","michaelchadwickjr","70"
"michaeldeol","michaeldeol","75"
"michaellevy","michaellevy2","70"
"michaelrbock","michaelrbock","78"
"MichaelRevell","michaelrevell","70"
"michaelshobbs","michaelshobbs","78"
"michaelstewart","michaelrstewart","74"
"michikono","michikono","70"
"michaelstorm","michaelstock","70"
"mikeferguson","mikefergusondpi","74"
"mnickey","mnickey","70"
"henrystewart","henrystewart","70"
"henrytwang","henrycwang","70"
"liuhenry","liuhenry","82"
"deeGraYve","deegrayve","70"
"demisx","demisx","70"
"mason-lee","masonblee","73"
"jeongyoonlee","jeongyoonlee","74"
"ChadFong","chadfong","70"
"JvalantPatel","jvalantpatel","70"
"allejo","allejo","75"
"rooharrigan","rooharrigan","82"
"unthunk","unthunk","70"
"parisholley","parisholley","70"
"mpdaugherty","mdaugherty1","74"
"mschuldt","meschuldt","70"
"mshafrir","mshafrir","74"
"mwalton","miwalton","70"
"mwhittaker","miwhittaker","70"
"UpWorks","upworks","70"
"soniabrami","soniabrahmi","70"
"vkostyukov","vkostyukov","74"
"bsudekum","bsudekum","78"
"forrestbthomas","forrestbthomas","70"
"collenjones","collenjones","70"
"collinadams","collinadams","70"
"collinjackson","collinjackson","74"
"austinblanchard","austinblanchard","74"
"AustinWise","austinwise","70"
"ddeville","ddeville84","73"
"parkr","parkr","82"
"tejasmanohar","tejasmanohar","74"
"ackrause","ackrause","88"
"acrookston","crookston","74"
"aerickson","aerickson","78"
"afurth89","afurth","68"
"aglover","aglover","75"
"andregomars","andregomars","70"
"andreisavu","andreisavu","70"
"andresdouglas","andresdouglas","78"
"andrew-christianson","andrewchristianson","70"
"Andrew-McLeod","andrew-mcleod","70"
"andrewarrow","andrewarrow","71"
"andrewburgess","andrewgburgess","75"
"AndrewGuenther","andrewguenther","70"
"andrewhead","andrewhao","75"
"AndrewHenderson","andrewmhenderson1","70"
"AndrewJo","andrewjo93","75"
"andrewkatz","andrewkatz","74"
"AndrewKishino","andrewkishino","78"
"andrewle","andrewle21","75"
"andrewmartin","andrewmartin26","75"
"andrewminer","andrewdminer","70"
"andrewpatterson3001","andrewpatterson1","70"
"andrewschreiber","andrewschreiberks","74"
"andrewseidl","andrewseidl","70"
"andrewhao","andrewhay","74"
"andrewtdinh","andrewkdinh","70"
"andrewzhang1","andrewzhangyf","70"
"andreychernih","andreychernih","70"
"ankane","ankane","75"
"aoriani","aoriani","73"
"apurtell","apurtell","73"
"arasmussen","anrasmussen","70"
"arsturges","apsturges","75"
"catesandrew","catesandrew","70"
"amstocker","amstokes","65"
"andrewpage","andrewmager","75"
"metcalf","ametcalf","74"
"hilaryparker","hilaryparker","73"
"hulbert","shulbert","70"
"emerose","emerose","74"
"shazow","shazow","70"
"RossAD","rossad","70"
"rosslebeau","rosslebeau","94"
"why-jay","whyjay","70"
"seanrose","seanarose","74"
"Nitinkumar-Gove","nitinkumargove","70"
"rakeshnair","rakeshsnair","74"
"nullstyle","nullstyle","70"
"sbaar","sbaar","74"
"sc0ttbeardsley","scottbeardsley21","70"
"schacon","schacon","70"
"scottchiang","scottchiang","70"
"scotthasbrouck","scotthasbrouck","71"
"scottjason","scottleejason","68"
"scottstanfield","scottgmansfield","76"
"ScottPhillips","scottphillips","70"
"scottpurdy","scottmpurdy","82"
"scottrabin","scottrabin","74"
"scottrice10","scottrice10","78"
"sholden","snholden","78"
"shyndman","shyndman","70"
"sthorpe","scthorpe","73"
"saarons","samaarons","78"
"sambernard","sambernard","70"
"SamDarbonne","sam-darbonne","70"
"samdturner","samdturner","78"
"samgreen","samgreenli","73"
"sammerry","sammerry","70"
"sampierson","sampierson","70"
"samrushing","samrushing","70"
"samshull","samshull","78"
"samstokes","samstokesuk","78"
"sburnett","samburnett","74"
"scgruber","scgruber","87"
"sgammon","samgammon","70"
"shwoodard","samwoodard","74"
"smerritt","sammerritt","75"
"spullara","spullara","70"
"blakeshall","blakehall1","70"
"blakewatters","blakewatters","78"
"brendanbohn","brendanbohn","78"
"brendankenny","brendanmkenny","70"
"brendannee","brendannee","78"
"brendoncrawford","brendoncrawford","74"
"brennancheung","brennancheung","70"
"brentluna","brent-luna","70"
"brntbeer","brntbeer","70"
"bwmcadams","bwmcadams","70"
"moizqureshi","moizqureshi","74"
"alokpradhan","alokpradhan","70"
"delqn","delqn","70"
"buckyroberts","buckyroberts","74"
"hinathan","hinathan","74"
"abrahamhall84","abrahamhall","70"
"Rick-Houser","rick-houser","78"
"rickharrison","rickharrison","78"
"rickyeh","rickyeh","74"
"rickypai","rickypai","78"
"natecox","nathcox","70"
"nathanjordan","nathanjordan","73"
"nathanmpark","nathanmpark","71"
"NathanSass","nathansass","78"
"nbashaw","nbashaw","70"
"nfraenkel","nfraenkel","70"
"NHDaly","nhdaly","70"
"thomsbg","thomsbg","70"
"pattychau","pattychau","70"
"Wilbeibi","wilbeibi","74"
"soroushjp","soroushjp","78"
"urinieto","urinieto","70"
"pragmaticivan","pragmaticivan","70"
"nmccarthy","neilmccarthy","72"
"hirangoly","hirangoly","70"
"iregina","iregina","78"
"alpascual","alpascual","75"
"lisamcho","lisamcho","70"
"lisavogtsf","lisavogtsf","70"
"azizuysal","azizuysal","70"
"connorjacobsen","connorjacobsen","70"
"goldibex","goldibex","78"
"chase-martin","chasejmartin","75"
"chasestarr","chasestarr","78"
"KaijenHsiao","kaijenhsiao","77"
"zshao","zshao","70"
"ntylerwarner","ntylerwarner","70"
"supertylerc","supertylerc","70"
"TheIronDeveloper","theirondeveloper","74"
"thetylerhayes","tylerhayes","67"
"thfield","thfield","78"
"TylerBrock","tylermbrock","74"
"tylerdavis","tylerkdavis","78"
"tylerpearson","tylerspearson","74"
"tylerprete","tylerprete","70"
"tylershuster","tylershuster","70"
"usmanghani","usmanghani2","75"
"conradev","conradev","82"
"bwbaugh","bwbaugh","70"
"albertliao","albertliao","70"
"albertmejia","albertmejia","70"
"atseng3","atseng34","70"
"morozgrafix","morozgrafix","78"
"fourdman","fourdman","70"
"KalebClark","mkalebclark","70"
"manikrathee","manikrathee","82"
"manishkhanchandani","manishkhanchandani","70"
"heschlie","heschlie","70"
"emilyrose","emilyrrose","74"
"JHadley1406","jhadley1406","70"
"mcculloughsean","mcculloughsean","82"
"MauricioRoman","mauricioroman","70"
"mbustosorg","mbustosorg","70"
"bhagatsingh","bhagatsingh13","70"
"testobsessed","testobsessed","70"
"wesleycho","wesleycho","72"
"royboy789","royboy789","70"
"royxue","roy-xue","74"
"shoyer","shoyer","73"
"slarson","sklarson","70"
"stephenhandley","stephenhandley","73"
"stephenlsiegel","stephengsiegel","70"
"stephentu","stephen7tu","70"
"stevemcquaid","stephenmcquaid","67"
"stvauyeung","stvauyeung","70"
"noahcampbell","noahcampbell","70"
"noahgibbs","noahgibbs","70"
"NoahKunin","noahkunin","70"
"rameshvs","rameshs","74"
"sampathweb","sampathweb","78"
"sean-perryman","seanperryman","70"
"seanhoughton","seanhoughton1","75"
"seanknox","seanknox","78"
"seanmcgary","seanmcgary","70"
"seansu4you87","seansu4you87","78"
"Wilsonilo","wilsonilo","74"
"arangamani","arangamani","70"
"chetan51","chetan51","70"
"ChetHarrison","chetharrison","76"
"ashleyjelks","ashleyrjelks","70"
"kamlendrachauhan","kamlendrachauhan","76"
"b-lambert","benlambert","74"
"bcurren","bcurren","73"
"ben-manning","benfmanning","74"
"benalavi","benalavi","70"
"benasher44","benasher44","78"
"benbuckman","benbuckman","82"
"bendmorris","benmorris1","70"
"bendrucker","bendrucker","83"
"bengfarrell","bencfarrell","74"
"benjaffe","benjaffe","70"
"benkuhn","benkuehn","74"
"benmarten","benmarten","82"
"bensomers","bensomers","70"
"blesh","blesh","73"
"bmarini","benmarini","71"
"bmeynell","benmeynell","74"
"CroquetPro","croquetpro","70"
"kremerben","kremerben","70"
"winnietong","winnietong","82"
"sepehrvakili","sepehrvakili","70"
"troystribling","troystribling","70"
"newhouseb","bnewhouse","65"
"therealbenjamin","therealbenjamin","70"
"acolchado","acolchado","70"
"drujensen","drujensen","70"
"gouravtiwari","gouravtiwari","70"
"derekkoch","derekkoch","74"
"derekrliang","derekliang","70"
"dmikey","dmikey","70"
"dmsakamoto","dmsakamoto","70"
"hammerdr","hammerdr","76"
"hobbs","zhobbs","65"
"jhenkens","jhenkens","70"
"irvingruan","irvingruan","70"
"yongsoo","yongsoo","78"
"peggyl","peggyli","74"
"spencersalazar","spencersalazar","73"
"vaibhavb","vaibhavb","82"
"vaibhavdesai137","vaibhavdesai91","70"
"serkanpektas","serkanpektas","70"
"perezd","perezd","70"
"mzlittle","mzlittle","70"
"zacharydenton","zachdenton","67"
"zachsnow","zachsnow1","70"
"zbruhnke","zbruhnke","70"
"zfogg","zfogg","75"
"zmbush","zmbush","70"
"zpinter","zpinter","82"
"zpriddy","zpriddy","74"
"rykuehn","rykuehn","70"
"mbhinder","mbhinder","74"
"backus","jbackus","70"
"javasoze","javasoze","82"
"jfsiii","jfsiii","70"
"JHKennedy4","jlkennedy","70"
"jjjreisss","jjjreisss","70"
"jmondo","jmondo","83"
"john-ko","johnko","70"
"johnbender","johnwbender","74"
"johnboiles","johnboiles","70"
"johnhampton","johnahampton","70"
"johnisaac","johnisaac7","70"
"johnkchow","johnkchow","78"
"johnmarinelli","johngmarinelli","70"
"johnnygames","johngames","73"
"johnnylambada","johnnylambada","73"
"johnpancoast","johnpancoast","70"
"johntyree","johntyree","73"
"johnw188","johnw188","82"
"johnwilkey","johnawilkey","70"
"jsoo1","jsoo1","70"
"jtrupiano","jtrupiano","70"
"jwbowler","jwbowler","78"
"liuhaotian","liuhaotian","84"
"adamsch1","adamsch1","70"
"hober","hober","74"
"Sen-Zhang","senzhang","70"
"notmyname","notmyname","70"
"tregoning","tregoning","73"
"woodie","woodie","74"
"nokane","nokane","70"
"rudyrigot","rudyrigot","70"
"S-Burns","shburns","70"
"ShaneHarvey","shanepharvey","74"
"shanehubbell","shanehubbell","78"
"shanemcgraw","shanemcgraw","70"
"shanewwarren","shanewarren88","68"
"houjieth","houjieth","78"
"geoffreyanderson","geoffanderson","74"
"alysonla","alysonla","82"
"ishanthukral","ishanthukral","70"
"freizl","freizl","70"
"cosimoc","cosimoc","82"
"jwngr","jwngr","74"
"timperrett","timperrett","73"
"tstrimple","tstrimple","70"
"petrbela","petrbela","70"
"pelletier","tpelletier","82"
"thomasloh","thomaslee","69"
"thomas-jung","thomasjung","70"
"thomblake","thomblake","73"
"twolfe2","twolfe2","73"
"thehar","thehar","82"
"cadenichols","cadenichols","70"
"liz-murphy","lizmurphy","73"
"karanparikh","karanjparikh","70"
"grahamking","2grahamking","74"
"eneko","eneko","74"
"houstongolden","houstongolden","70"
"andyburke","andyburke","70"
"andyfleming","andyfleming57","74"
"andyttran","andyhqtran","74"
"hayd","ahayd","80"
"shahshaan","shahshaan","75"
"sandeepkulkarni","sandeepkulkarnius","74"
"sandeshghimire","sandeshghimire","75"
"normanr","normanr","72"
"theandym","theandym","70"
"jiminkk","jiminkk","70"
"lukedeo","lukedeo","76"
"lukemadera","lukemadera","70"
"lukeremy","lukeremy","78"
"fredhsu","fredhsu","70"
"fredyang","fredyangss","74"
"liirene1","liirene1","78"
"crandmck","crandmck","70"
"devarispbrown","devarispbrown","75"
"loganfsmyth","logansmyth","72"
"chengsieuly","chengsieuly","70"
"chenguangshen","chenguangshen","70"
"kschuster","kschuster","70"
"kurtisnelson","kurtnelson","73"
"froyvalencia","froyvalencia","70"
"daneden","daneden","72"
"DanielCasner","danielcasner","70"
"DanielGarcia-Carrillo","danielgarciacarrillo","78"
"DanielGillies","danielgillies1","78"
"danielkouba","danielkouba","70"
"danielmai","danielmai","70"
"danielmurphy","danielmurphy76","75"
"danielrhodes","danielcrhodes","70"
"danielribeiro","danielribeirorio","74"
"danielribeirosilva","danielribeirosilva","70"
"danielrussellLA","danieldrussell","74"
"danishkhan","danishkhan081","67"
"danishmughal","danishmughal","70"
"danlurie","dannylurie","74"
"dannyshafer","danashafer","70"
"daschi","daschi","74"
"dleavitt","dtleavitt","75"
"drGrove","drgrove","76"
"haxney","haxney","70"
"Israel-Andrade","israelandrade","70"
"adityabansod","adityabansod","70"
"zhuangh","zhuangh","73"
"redhotpenguin","redhotpenguin","70"
"rjspotter","rjspotter","74"
"tilgovi","tilgovi","70"
"sdtsui","sdtsui","83"
"taptapdan","taptapdan","70"
"NorthMcCormick","northmccormick","70"
"uschen","uschen","70"
"isubhransu","isubhransu","82"
"jammons","jammons","78"
"jeffbcross","jeffbcross","74"
"JeffBelgum","jeffbelgum","70"
"jeffmay","jeffsmay","82"
"jeffomatic","jeffomatic","70"
"jeffreychien","jeffreycychien","70"
"JeffRisberg","jeffrisberg","74"
"jeffsteinmetz","jeffsteinmetz","78"
"jeffwidman","jeffwidman","70"
"jgladch","jgladch","70"
"jhaynie","jhaynie","70"
"jquast","jquast","70"
"jsturgis","jsturgis","70"
"mehagarg","mehagarg","70"
"AmahAjavon","amahajavon","75"
"jimmyislive","jimmyislive","70"
"byron-hawkins","byronhawkins","74"
"caiotoon","caiotoon","70"
"walterlatimer","walterlatimerjr","78"
"waltertan12","waltertan12","70"
"pgrandin","pgrandin","70"
"Nick-Brennan","nickdbrennan","74"
"nickaknudson","nickaknudson","70"
"nickarora","nickarora3","70"
"nickdaniele","nickdaniele","70"
"nickdirienzo","nickdirienzo","78"
"nickfletcher","nickfletchr","78"
"nickfujita","nickfujita","70"
"nickmerwin","nickmerwin","70"
"nicknish","nicknish","70"
"nickradford","nickradford","78"
"nicksnyder","nickdsnyder","78"
"NickStefan","nickstefan","70"
"nixterrimus","nixterrimus","70"
"njwilson","njwilson84","74"
"ntemple","nitemple","70"
"ntreadway","nctreadway","70"
"ronelliott","ronelliott","74"
"ronhornbaker","ronhornbaker","70"
"yangchi","yangch","70"
"vgvenkat","vgvenkat","74"
"jeffrymorris","jeffreynorris","68"
"pickhardt","pickhardt","78"
"bakineggs","bakineggs","70"
"danbeam","danbeam","70"
"DanBurton","danburton","70"
"dangunter","dangunter","70"
"danreedy","danreedy","70"
"danschultz","danmschultz","73"
"dansimpson","dansimpsonuk","70"
"dmashal","danmashal","65"
"dmose","dmose","78"
"dsully","dsully","70"
"ethernetdan","ethernetdan","73"
"mdpatrick","kdpatrick","76"
"jingli430","jingli430","70"
"aria42","aria42","70"
"duzun","duzun","74"
"donpark","donhpark","70"
"greenido","greenido","74"
"caleb531","caleb531","70"
"CalebFenton","calebfenton","76"
"bjori","bjori","70"
"amareshp","amareshpat","70"
"ljagiello","ljagiello","74"
"sshirokov","yshirokov","78"
"VasiliyRodin","vasiliyrodin","70"
"raybaxter","raybaxter1","70"
"raycmorgan","raymorgan","74"
"raymassie","raymassie","74"
"waynesutton","waynesutton","81"
"ambreenhasan","ambreenhasan","74"
"balajikvijayan","balajivijayan","70"
"jintaoguan","jintaoguan","78"
"melicarls","melicarls","78"
"melindabernrdo","melindabernrdo","74"
"perryh","perryh","70"
"raymondfeng","raymondfeng","70"
"shaochuan","shaochuan","70"
"rzeng95","rzeng95","70"
"kyoro","kyoro","78"
"ameyanaik11","ameyanaik11","74"
"krisalexander","kristianalexander","66"
"kristinpeterson","kristinpeterson93","73"
"KristoferEng","kristofereng","70"
"lloyddsilva","lloyddsilva","70"
"brycereynolds","bryreynolds","70"
"calvinkw1","calvinkw1","81"
"jposadas","jposadasc","70"
"juanpinzon","juanpinzon","73"
"mkhatib","mkhatib","70"
"MohammadAdib","mohammadadib","70"
"dfrankland","dylanfrankland","65"
"dylanfoster","dylanjfoster","70"
"katemonkeys","katemonkeys","83"
"KateWood","katewood","74"
"mkatenelson","katenelson1","74"
"xanderdunn","xanderdunn","75"
"phucnguyen12","phucnguyen1021","75"
"trungly","trungly","70"
"sharoonthomas","sharoonthomas","73"
"bufordtaylor","bufordtaylor","70"
"jamuraa","jamuraa","78"
"marsepu","marsepu","70"
"aminert","aminert","74"
"BardiaAfshin","bardiaafshin","70"
"antoncohen","antoncohen","78"
"antonfisher","antonfisher","70"
"antoniawang","antoniawang","70"
"katiayx","katiayx","70"
"katiemthom","katiemthom","78"
"KTAtkinson","ktkatkinson","70"
"kaizhang","kaizhang1","70"
"veena-sridhar","veenasridhar","70"
"shawnpk","shawnpk","74"
"shawnshuang","shawnhuang","70"
"thoov","thoov","70"
"traviscrampton","traviscrampton","78"
"treeder","treeder","82"
"physicsistic","physicsistic","70"
"kaushaldeo","kaushaldeo","70"
"jaytaylor","jaytayxor","70"
"jthurst01","jthurst","68"
"jwang93","jaywang93","77"
"daywednes","daywednes","74"
"cameronehrlich","cameronehrlich","76"
"cameronhunter","cameronhunter15","70"
"cameronjacoby","cameronjacoby","75"
"jordanekay","jordankay","74"
"jordanpapaleo","jordanpapaleo","70"
"jsomara","jsomara","70"
"jaimejrios","jaimerios","75"
"jjcorreao","jjcorreao","70"
"ebruning","ebruning","70"
"ethankhall","ethankhall","70"
"ethantang95","ethantang","70"
"dgmltn","dgmltn","70"
"dougconner","dougconner1","70"
"douglasbarton","douglasbarton","70"
"DouglasSherk","dougsherk","65"
"dougreese","dougreese","74"
"pikajude","pikajude","73"
"suchow","suchow","70"
"russelldavis","russelladavis3","73"
"russellschmidt","russellschmidt","70"
"nuoyan","nuoyan","78"
"ciberch","ciberch","70"
"monicagrandy","monicagrandy","73"
"monisun","monicasun","73"
"ernestofreyreg","ernestofreyreg","70"
"camillescott","camillescott","73"
"meshachjackson","meshachjackson","74"
"jerrypena1","jerrypena","70"
"amitrathore","amitrathore","74"
"kapadia","amkapadia","65"
"loftywaif002","loftywaif002","73"
"pjkelly","pjkelly","74"
"muratozgul","muratozgul","70"
"nummi","nummi","70"
"ziggythehamster","ziggythehamster","74"
