baalexander,https://www.linkedin.com/in/bmalexander
baweaver,https://www.linkedin.com/in/brweaver
bgoldman,https://www.linkedin.com/in/bgoldman
brandonblack,https://www.linkedin.com/in/brandongblack
brandoncurtis,https://www.linkedin.com/in/brandoncurtis
brandondove,https://www.linkedin.com/in/brandondove
brandonfujii,https://www.linkedin.com/in/brandonfujii
bartt,https://www.linkedin.com/in/bartt
gabeharms,https://www.linkedin.com/in/gabehayes
dhirajsharma,https://www.linkedin.com/in/dhirajsharma
erikdbrown,https://www.linkedin.com/in/erikdbrown
erikreed,https://www.linkedin.com/in/erikrdreed
erikrose,https://www.linkedin.com/in/erikrose
erikvanzijst,https://www.linkedin.com/in/erikvanzijst
erkgmz,https://www.linkedin.com/in/erkgmz
dabrahams,https://www.linkedin.com/in/daveabrahams
davedash,https://www.linkedin.com/in/davedash
davekrupinski,https://www.linkedin.com/in/davekrupinski
davemun,https://www.linkedin.com/in/davemun
davenquinn,https://www.linkedin.com/in/davenquinn
daveray,https://www.linkedin.com/in/daveray78
daveschumaker,https://www.linkedin.com/in/daveschumaker
dcarroll,https://www.linkedin.com/in/dcarroll5
dgrijalva,https://www.linkedin.com/in/dgrijalva
dherman,https://www.linkedin.com/in/dherman16
dnielsen,https://www.linkedin.com/in/dwnielsen
joyvuu-dave,https://www.linkedin.com/in/joyvuudave
jacques-n,https://www.linkedin.com/in/jacquesn
cleverdevil,https://www.linkedin.com/in/cleverdevil
goldsmith,https://www.linkedin.com/in/goldsmith1
graehl,https://www.linkedin.com/in/jgraehl
jhersh,https://www.linkedin.com/in/jhersh
jlipps,https://www.linkedin.com/in/jlipps
jonahwilliams,https://www.linkedin.com/in/jonahawilliams
jonalter,https://www.linkedin.com/in/jonalter
jonathan-potter,https://www.linkedin.com/in/jonathanmpotter
jonathanmoore,https://www.linkedin.com/in/jonathanmoore213
jonathantneal,https://www.linkedin.com/in/jonathanneal
jskirst,https://www.linkedin.com/in/jkirst
jspooner,https://www.linkedin.com/in/jspooner
jwilkins,https://www.linkedin.com/in/jwilkins
artgillespie,https://www.linkedin.com/in/artgillespie
ArtTucker,https://www.linkedin.com/in/arttucker
osterman,https://www.linkedin.com/in/osterman
poojabansal,https://www.linkedin.com/in/poojakbansal
sterlingbaldwin,https://www.linkedin.com/in/sterlingbaldwin
peoplemerge,https://www.linkedin.com/in/peoplemerge
staringispolite,https://www.linkedin.com/in/staringispolite
wuputah,https://www.linkedin.com/in/wuputah
tiagorg,https://www.linkedin.com/in/tiagorg
veronicaerick,https://www.linkedin.com/in/veronicaerick
edwin-lai,https://www.linkedin.com/in/edwinlai
edwinlin1987,https://www.linkedin.com/in/edwinlin1987
ehzhang,https://www.linkedin.com/in/ehzhang
mfaywu,https://www.linkedin.com/in/mfaywu
artgo,https://www.linkedin.com/in/artgo
hungtrv,https://www.linkedin.com/in/hungtrv
gujunli,https://www.linkedin.com/in/gujunli
ibrahimansari,https://www.linkedin.com/in/ibrahimansari12
gcpantazis,https://www.linkedin.com/in/gpantazis
georgethomas111,https://www.linkedin.com/in/georgethomasst
georgeweiler,https://www.linkedin.com/in/george-weiler
jdaggett,https://www.linkedin.com/in/jdaggett
jemiahlee,https://www.linkedin.com/in/jemiahlee
jeremybrenner,https://www.linkedin.com/in/jeremybrenner1
jeremydw,https://www.linkedin.com/in/jeremydw
JeremyIR,https://www.linkedin.com/in/jeremyir
JeremyNixon,https://www.linkedin.com/in/jeremyvnixon
jeremyruppel,https://www.linkedin.com/in/jeremyruppel
JeremySilverTongue,https://www.linkedin.com/in/jeremysilvertongue
jeremytoce,https://www.linkedin.com/in/jeremytoce
jgillick,https://www.linkedin.com/in/jgillick
jhubert,https://www.linkedin.com/in/jhubert
dustin520,https://www.linkedin.com/in/dustin520
DustinBaker22,https://www.linkedin.com/in/dustinbaker1
gotascii,https://www.linkedin.com/in/gotascii
jcccf,https://www.linkedin.com/in/jcccf
JustinBeaudry,https://www.linkedin.com/in/justinbeaudry
justindhill,https://www.linkedin.com/in/justinhill2
JustinDSN,https://www.linkedin.com/in/justindsn
justindstewart,https://www.linkedin.com/in/justinnstewart
JustinLloyd,https://www.linkedin.com/in/justinlloyd
justyn-clark,https://www.linkedin.com/in/justynclark
patmoore,https://www.linkedin.com/in/patbmoore
patrick-armitage,https://www.linkedin.com/in/patrickarmitage
patrick-mcdougle,https://www.linkedin.com/in/patrickmcdougle
PatrickAuld,https://www.linkedin.com/in/patrickauld
patrickherrmann,https://www.linkedin.com/in/patrickherrmann
patrickm02L,https://www.linkedin.com/in/patrickm02l
patrickmcclory,https://www.linkedin.com/in/patrickmcclory
pcostell,https://www.linkedin.com/in/phcostello
pdevine,https://www.linkedin.com/in/pdevine1
phunt,https://www.linkedin.com/in/phunt1
preillyme,https://www.linkedin.com/in/preilly
ptierney,https://www.linkedin.com/in/ptierney
pwfisher,https://www.linkedin.com/in/pwfisher
pzatrick,https://www.linkedin.com/in/pzatrick
xiaoyifan,https://www.linkedin.com/in/xiaoyifan
yifange,https://www.linkedin.com/in/yifange
saadmir,https://www.linkedin.com/in/saadmir
ohlhaver,https://www.linkedin.com/in/ohlhaver
poonamshah,https://www.linkedin.com/in/poonamshah2
ebmajor,https://www.linkedin.com/in/ebmajor
hamiltop,https://www.linkedin.com/in/hamiltop
hunterbridges,https://www.linkedin.com/in/hunterbridges
DhruvKalaria,https://www.linkedin.com/in/dhruvkalaria
gamell,https://www.linkedin.com/in/gamell
joannejang,https://www.linkedin.com/in/joannejang
cjnething,https://www.linkedin.com/in/nething
julianhyde,https://www.linkedin.com/in/hjulianrhyde
JulieHeidt,https://www.linkedin.com/in/julieaheidt
juliosalvat,https://www.linkedin.com/in/juliosalvat
amZotti,https://www.linkedin.com/in/amzotti
anthonywittemann,https://www.linkedin.com/in/anthonywittemann
chovy,https://www.linkedin.com/in/chovy
nyteshade,https://www.linkedin.com/in/nyteshade
pskim,https://www.linkedin.com/in/pskim1
pbailis,https://www.linkedin.com/in/pbailis
pdehaan,https://www.linkedin.com/in/pdehaan
peterfschaadt,https://www.linkedin.com/in/peterschaadt
peterhinson,https://www.linkedin.com/in/peterhinson
pete0emerson,https://www.linkedin.com/in/4petepeterson
prschulz,https://www.linkedin.com/in/prschulz
pshatara,https://www.linkedin.com/in/pshatara
pxtang,https://www.linkedin.com/in/pxtang
robfletcher,https://www.linkedin.com/in/robfletcher1
robgraeber,https://www.linkedin.com/in/robgraeber
rrbrambley,https://www.linkedin.com/in/rrbrambley
saifrahmed,https://www.linkedin.com/in/saifrahmed
ebroder,https://www.linkedin.com/in/ebroder
eculver,https://www.linkedin.com/in/eculver
evan-carey,https://www.linkedin.com/in/evancarey
EvanGoss,https://www.linkedin.com/in/evangoss
evantzhao,https://www.linkedin.com/in/evanzhao
evanvreeland,https://www.linkedin.com/in/evanvreeland
ewinslow,https://www.linkedin.com/in/ewinslow
lakshmi-kannan,https://www.linkedin.com/in/lakhikannan
MarcBernstein,https://www.linkedin.com/in/marcbernstein
marccampbell,https://www.linkedin.com/in/marcbcampbell
marcel-valdez,https://www.linkedin.com/in/marcelvaldez
marcellodesales,https://www.linkedin.com/in/marcellodesales
marcharper,https://www.linkedin.com/in/marcharper1
marcoshack,https://www.linkedin.com/in/marcoshack
marcuscarr,https://www.linkedin.com/in/marcuscarr
mcastilho,https://www.linkedin.com/in/mcastilho
mjabali,https://www.linkedin.com/in/jabali
arturosevilla,https://www.linkedin.com/in/arturosevilla
jlamoree,https://www.linkedin.com/in/jlamoree
josephAnda,https://www.linkedin.com/in/josephanda
josephbaena,https://www.linkedin.com/in/josephbaena
JosephLauSF,https://www.linkedin.com/in/josephlau
JosephMoniz,https://www.linkedin.com/in/josephmoniz
daftshady,https://www.linkedin.com/in/daftshady
reedobrien,https://www.linkedin.com/in/reedobrien
tigershen23,https://www.linkedin.com/in/tigershen
xingzhong,https://www.linkedin.com/in/xingzhongxu
Vrturo,https://www.linkedin.com/in/vrturo
shevek,https://www.linkedin.com/in/shevek
irosenb,https://www.linkedin.com/in/irosenb
isaacmoore,https://www.linkedin.com/in/isaacymoore
dahal,https://www.linkedin.com/in/pdahal
kellyhiggins,https://www.linkedin.com/in/kellyhiggins1
arulprasad,https://www.linkedin.com/in/arulprasadj
micahstubbs,https://www.linkedin.com/in/micahstubbs
ed-flanagan,https://www.linkedin.com/in/edflanagan0
etanlubeck,https://www.linkedin.com/in/etanlubeck
kevbaker,https://www.linkedin.com/in/kevbaker
kevinzwhuang,https://www.linkedin.com/in/kevinkhuang
kevhuang,https://www.linkedin.com/in/kevhuang
Kevin-Prichard,https://www.linkedin.com/in/kevinprichard
kevinastone,https://www.linkedin.com/in/kevinmstone
kevinaujla,https://www.linkedin.com/in/kevinaujla
kevinburke,https://www.linkedin.com/in/kvnburke
kevinchappell,https://www.linkedin.com/in/kevintchappell
kevincoakley,https://www.linkedin.com/in/kevcoakley
kevincon,https://www.linkedin.com/in/kevincon
kevinelliott,https://www.linkedin.com/in/qkevinelliott
KevinPike,https://www.linkedin.com/in/kevinepike
kevinsawicki,https://www.linkedin.com/in/kevinsawicki
kevinswiber,https://www.linkedin.com/in/kevinswiber
kevinwestern,https://www.linkedin.com/in/kevinwestern
kfitzpatrick,https://www.linkedin.com/in/cg1kfitzpatrick
kkragenbrink,https://www.linkedin.com/in/kkragenbrink
kmeraz,https://www.linkedin.com/in/kmeraz
krohling,https://www.linkedin.com/in/krohling
anantag,https://www.linkedin.com/in/anantag
jae-shin,https://www.linkedin.com/in/jaeshin
jaekwon,https://www.linkedin.com/in/jaekwon
carlbernardo,https://www.linkedin.com/in/carlbernardo
carlosdp,https://www.linkedin.com/in/carlosdp
bassettsj,https://www.linkedin.com/in/bassettsj
bjorg,https://www.linkedin.com/in/bjorg
natea,https://www.linkedin.com/in/natea
natebirkholz,https://www.linkedin.com/in/natebirkholz
natemcguire,https://www.linkedin.com/in/natemcguire
natewalck,https://www.linkedin.com/in/natewalck
natewinn,https://www.linkedin.com/in/natewinn
reidmix,https://www.linkedin.com/in/reidmix
xissy,https://www.linkedin.com/in/xissy
shichao-an,https://www.linkedin.com/in/shichaoan
stuartstein,https://www.linkedin.com/in/stuartstein
ngokevin,https://www.linkedin.com/in/ngovkevin
vikmeup,https://www.linkedin.com/in/vikmeup
prafulrana,https://www.linkedin.com/in/prafulrana
sdao,https://www.linkedin.com/in/shdao
sdwebster,https://www.linkedin.com/in/scawebster
sfackler,https://www.linkedin.com/in/sfackler
sfines,https://www.linkedin.com/in/fines
slacy,https://www.linkedin.com/in/slacy
smparkes,https://www.linkedin.com/in/smparkes
snwight,https://www.linkedin.com/in/smwight
srubin,https://www.linkedin.com/in/sdrubin
stevegury,https://www.linkedin.com/in/stevegury
stevejs,https://www.linkedin.com/in/stevejs
steveklebanoff,https://www.linkedin.com/in/steveklebanoff
stevemanuel,https://www.linkedin.com/in/stevemanuel
StevenChung,https://www.linkedin.com/in/stevenchung1
stevendbrown,https://www.linkedin.com/in/stevenmbrown04
stevendnoble,https://www.linkedin.com/in/stevennoble
stevenheidel,https://www.linkedin.com/in/stevenheidel
stevenjing,https://www.linkedin.com/in/stevenjing
stevenkword,https://www.linkedin.com/in/stevenword
stevenolen,https://www.linkedin.com/in/stevenlnolen
stevenrich,https://www.linkedin.com/in/stevenrich91
stevetjoa,https://www.linkedin.com/in/stevetjoa
steveyen,https://www.linkedin.com/in/steveyen
stgallagher,https://www.linkedin.com/in/scgallagher
straversi,https://www.linkedin.com/in/straversi
gpaumier,https://www.linkedin.com/in/gpaumier
BasSondag,https://www.linkedin.com/in/bas-sondag
armandofox,https://www.linkedin.com/in/armandofox
huyhong,https://www.linkedin.com/in/huyhong
aphyr,https://www.linkedin.com/in/aphyr
kflorence,https://www.linkedin.com/in/kflorence
kpennell,https://www.linkedin.com/in/kpennell
ksespinola,https://www.linkedin.com/in/ksespinola
Kyle-Falconer,https://www.linkedin.com/in/kylefalconer
KyleBarbauld,https://www.linkedin.com/in/kylebarbauld
kyleburton,https://www.linkedin.com/in/kyleburton1
kylehayes,https://www.linkedin.com/in/kylehayes
kylehilton92,https://www.linkedin.com/in/kylehilton92
kyleludlow,https://www.linkedin.com/in/kyleludlow
kylemanna,https://www.linkedin.com/in/kylemanna
oscartaracena,https://www.linkedin.com/in/ioskartaracena
tbuckley,https://www.linkedin.com/in/tombuckley
tleach,https://www.linkedin.com/in/teleach
tlrobinson,https://www.linkedin.com/in/tlrobinson
tmaiaroto,https://www.linkedin.com/in/tmaiaroto
tmarthal,https://www.linkedin.com/in/tmarthal
tombenner,https://www.linkedin.com/in/tombenner
tomjakubowski,https://www.linkedin.com/in/tjakubowski
tphummel,https://www.linkedin.com/in/tomphummel
saikat,https://www.linkedin.com/in/saikatc
nguyenhuy,https://www.linkedin.com/in/nguyenhuy89
stcalica,https://www.linkedin.com/in/stcalica
voberoi,https://www.linkedin.com/in/voberoi
jaisingh,https://www.linkedin.com/in/jaising
luigisison,https://www.linkedin.com/in/luigisison
garrettwong,https://www.linkedin.com/in/garrettwong58
goodgravy,https://www.linkedin.com/in/goodgravy
jagill,https://www.linkedin.com/in/jagill
jamesalbert,https://www.linkedin.com/in/jamesalbert1
JamesCarl,https://www.linkedin.com/in/jamesecarl
jamesdaniels,https://www.linkedin.com/in/jamesdaniels
jameshwang,https://www.linkedin.com/in/jameshwang1
thejameskyle,https://www.linkedin.com/in/thejameskyle
jameskyle,https://www.linkedin.com/in/jamesfkyle1
jamespedwards42,https://www.linkedin.com/in/jamesedwards1
jameswhiteman,https://www.linkedin.com/in/jameswhiteman
jdforrester,https://www.linkedin.com/in/jdforrester
jmayfield74,https://www.linkedin.com/in/jmayfield2
jwachira,https://www.linkedin.com/in/jwachira
Mavmeister,https://www.linkedin.com/in/mavmeister
lightster,https://www.linkedin.com/in/lightster
m-renaud,https://www.linkedin.com/in/merenaud
mateolan,https://www.linkedin.com/in/mateolan
mattahorton,https://www.linkedin.com/in/mattshorton
mattbaird,https://www.linkedin.com/in/mattbaird
mattbarackman,https://www.linkedin.com/in/mattbarackman
mattbasta,https://www.linkedin.com/in/mattbasta
mattcano,https://www.linkedin.com/in/mattcano
mattdodge,https://www.linkedin.com/in/mattdodge
mattdot,https://www.linkedin.com/in/mattdot
MattHarrington,https://www.linkedin.com/in/mattharrington
matthauck,https://www.linkedin.com/in/matthauck
matthew-brett,https://www.linkedin.com/in/matthewbrett
matthewachan,https://www.linkedin.com/in/matthewchan
matthewkulp,https://www.linkedin.com/in/matthewkulp
MatthewWelch,https://www.linkedin.com/in/matthewwelch2
mattlevan,https://www.linkedin.com/in/mattlevan
mattpardee,https://www.linkedin.com/in/mattpardee
mattpetrie,https://www.linkedin.com/in/mattpetrie
mattrudder,https://www.linkedin.com/in/mattrudder
mattsnider,https://www.linkedin.com/in/mattsnider4
mattsoldo,https://www.linkedin.com/in/mattsoldo
mattwkelly,https://www.linkedin.com/in/mattwkelly
mcowger,https://www.linkedin.com/in/mcowger
mdlincoln,https://www.linkedin.com/in/mdlincoln
mduvall,https://www.linkedin.com/in/mduvall
megahall,https://www.linkedin.com/in/megahall
mattlong,https://www.linkedin.com/in/mattluongo
mluedke2,https://www.linkedin.com/in/mluedke2
mmontag,https://www.linkedin.com/in/mamontag
mmorey,https://www.linkedin.com/in/mmorey
edwardvalentini,https://www.linkedin.com/in/edwardvalentini
carriesmith,https://www.linkedin.com/in/carriesmith8
smashind,https://www.linkedin.com/in/smashind
rekhajoshm,https://www.linkedin.com/in/rekhajoshm
mpharrigan,https://www.linkedin.com/in/mharrigan
mpurland,https://www.linkedin.com/in/mpurland
mrduncan,https://www.linkedin.com/in/mrduncan
mrichardson23,https://www.linkedin.com/in/mrichardsontid
msparks,https://www.linkedin.com/in/msparks81
mtodd,https://www.linkedin.com/in/mptodd
webbower,https://www.linkedin.com/in/webbower
wallerdev,https://www.linkedin.com/in/wallerdev
yalcindo,https://www.linkedin.com/in/yalcindo
praphull27,https://www.linkedin.com/in/praphull
Zeelot,https://www.linkedin.com/in/zeelot
shobhitg,https://www.linkedin.com/in/shobhit9
oguzbilgic,https://www.linkedin.com/in/oguzbilgic
oguzserdar,https://www.linkedin.com/in/oguzserdar
viksit,https://www.linkedin.com/in/viksit
kenny-hibino,https://www.linkedin.com/in/ken-hibino
kgilmer,https://www.linkedin.com/in/kengilmer
kmayer,https://www.linkedin.com/in/kemayer
krobertson,https://www.linkedin.com/in/kenrobertson
jmcgarr,https://www.linkedin.com/in/jmcgarr
mikedfunk,https://www.linkedin.com/in/mikejfunk
mikedougherty,https://www.linkedin.com/in/mikedougherty1701
MikeEmery,https://www.linkedin.com/in/mike-emery
mikeerickson,https://www.linkedin.com/in/mikerickson
mikeflynn,https://www.linkedin.com/in/mikeflynn6
mikefowler,https://www.linkedin.com/in/mikefowler
mikelblake,https://www.linkedin.com/in/mikelblake
mikemccabe,https://www.linkedin.com/in/mikemccabe1
mikemccready,https://www.linkedin.com/in/mikemccreadymba
MikeMeaney,https://www.linkedin.com/in/mikemeaney
mikespangler,https://www.linkedin.com/in/mikespangler
mikestecker,https://www.linkedin.com/in/mikestecker
mikeyoon,https://www.linkedin.com/in/mikeyoon
mivanov,https://www.linkedin.com/in/miivanov
mmaelzer,https://www.linkedin.com/in/maelzer
moneill,https://www.linkedin.com/in/mdoneill
LuqiPan,https://www.linkedin.com/in/luqipan
taylorleh,https://www.linkedin.com/in/taylorleh
mpercy,https://www.linkedin.com/in/mapercy
msassak,https://www.linkedin.com/in/msassak
mtravers,https://www.linkedin.com/in/mdtravers
ricardotealdi,https://www.linkedin.com/in/ricardotealdi
sujoyg,https://www.linkedin.com/in/sujoyg
prateekvjoshi,https://www.linkedin.com/in/prateekjoshi
vimalthilak,https://www.linkedin.com/in/vimalthilak
oliverpaisley,https://www.linkedin.com/in/oliverpaisley
oliversong,https://www.linkedin.com/in/oliversong
owise1,https://www.linkedin.com/in/owise1
rgarver,https://www.linkedin.com/in/rgarver
rhass,https://www.linkedin.com/in/rhass
rringler,https://www.linkedin.com/in/rringler
Ryan-McBride,https://www.linkedin.com/in/ryanpmcbride
Ryan-Yu,https://www.linkedin.com/in/ryanyu
ryanbaumann,https://www.linkedin.com/in/ryanbaumann
ryancbarry,https://www.linkedin.com/in/mryanbarry
ryandoherty,https://www.linkedin.com/in/ryandoherty1
ryanjadhav,https://www.linkedin.com/in/ryanjadhav
ryankirkman,https://www.linkedin.com/in/ryanckirkman
ryanlecompte,https://www.linkedin.com/in/ryanlecompte
RyanNaughton,https://www.linkedin.com/in/ryannaughton
ryanoneill,https://www.linkedin.com/in/ryanconeill
ryanstevens,https://www.linkedin.com/in/ryanstevens
ryanuber,https://www.linkedin.com/in/ryanuber
ryanve,https://www.linkedin.com/in/ryanve
RyanWarner,https://www.linkedin.com/in/rnwarner
rynocouse,https://www.linkedin.com/in/ryancouse
daksharma,https://www.linkedin.com/in/dakshsharma
drewrothstein,https://www.linkedin.com/in/drewrothstein
clarson283,https://www.linkedin.com/in/clarson283
billfranz00,https://www.linkedin.com/in/billfranz00
billyvg,https://www.linkedin.com/in/billyvong
bsmartt13,https://www.linkedin.com/in/bsmartt13
bvierra,https://www.linkedin.com/in/bvierra
carsongross,https://www.linkedin.com/in/carsongross
nagalluri,https://www.linkedin.com/in/nagalluri
yashbathia,https://www.linkedin.com/in/yash-bathia
yashshah,https://www.linkedin.com/in/yashshah1
cartershanklin,https://www.linkedin.com/in/cartershanklin
gazimahmud,https://www.linkedin.com/in/gazimahmud
mickaelpham,https://www.linkedin.com/in/mickaelpham
DalerAsrorov,https://www.linkedin.com/in/dalerasrorov
dlbewley,https://www.linkedin.com/in/dalebewley
edgibbs,https://www.linkedin.com/in/edgibbs
lawrencegomez,https://www.linkedin.com/in/lawrencegomez
bobzoller,https://www.linkedin.com/in/bobzoller
kepford,https://www.linkedin.com/in/kepford
machouinard,https://www.linkedin.com/in/markchouinard
markalinn,https://www.linkedin.com/in/marklinn
markcerqueira,https://www.linkedin.com/in/markcerqueira
markholmes,https://www.linkedin.com/in/markrholmes
markleppa,https://www.linkedin.com/in/markleppa
markscholtz,https://www.linkedin.com/in/markscholtz
markuscraig,https://www.linkedin.com/in/markjcraig
mfine,https://www.linkedin.com/in/mafine
mhayes,https://www.linkedin.com/in/mahayes
mmcgrana,https://www.linkedin.com/in/mmcgrana
iamcal,https://www.linkedin.com/in/iamcal
JanCVanB,https://www.linkedin.com/in/jancvanb
rfdougherty,https://www.linkedin.com/in/bodougherty
mqprichard,https://www.linkedin.com/in/mprichard
mynnx,https://www.linkedin.com/in/mynnx
zyklus,https://www.linkedin.com/in/zyklus
topherwhite,https://www.linkedin.com/in/topherwhite
NamTThai,https://www.linkedin.com/in/namthai
samehkhamis,https://www.linkedin.com/in/samehkhamis
gcarothers,https://www.linkedin.com/in/gcarothers
coryasato,https://www.linkedin.com/in/coryasato
corytheboyd,https://www.linkedin.com/in/corytheboyd
corywalker,https://www.linkedin.com/in/corywalker1
dnahol,https://www.linkedin.com/in/dnahol
miguelsousa,https://www.linkedin.com/in/miguelsousapt
mackenziehicks,https://www.linkedin.com/in/mackenziehicks
hatone,https://www.linkedin.com/in/hatone
dirk-thomas,https://www.linkedin.com/in/dirkthomas
janephilipps,https://www.linkedin.com/in/janephilipps
janetkuo,https://www.linkedin.com/in/janetkuo
dackerman,https://www.linkedin.com/in/dmackerman
davdkm,https://www.linkedin.com/in/dvdkm
davidamidon,https://www.linkedin.com/in/davidamidon
davidchiles,https://www.linkedin.com/in/davidchiles
DavidChouinard,https://www.linkedin.com/in/davidchouinard1
daviddengcn,https://www.linkedin.com/in/daviddeng
DavidDeSimone,https://www.linkedin.com/in/daviddesimone
davideast,https://www.linkedin.com/in/davideastvw
davidfischer,https://www.linkedin.com/in/davidfischer99
davidmarin,https://www.linkedin.com/in/davidhmarin
davidmote,https://www.linkedin.com/in/davidmote
davidneudorfer,https://www.linkedin.com/in/davidneudorfer
davidrleonard,https://www.linkedin.com/in/davidhleonard
davidstrauss,https://www.linkedin.com/in/davidwstrauss
davidtansf,https://www.linkedin.com/in/davidtantw
davidvictor,https://www.linkedin.com/in/davidhvictor
dbieber,https://www.linkedin.com/in/dbieber
dblevins,https://www.linkedin.com/in/dblevins
dbushong,https://www.linkedin.com/in/dbushong
dfreerksen,https://www.linkedin.com/in/dfreerksen
tsaiDavid,https://www.linkedin.com/in/laidavid
dmaust,https://www.linkedin.com/in/maust
daviddever,https://www.linkedin.com/in/daviddeller
dmdeller,https://www.linkedin.com/in/dmdeller
dmzza,https://www.linkedin.com/in/dmazza
dsboulder,https://www.linkedin.com/in/dsboulder
dtee,https://www.linkedin.com/in/dvtee
DTrejo,https://www.linkedin.com/in/dtrejo
dweldon,https://www.linkedin.com/in/daweldon
electrum,https://www.linkedin.com/in/electrum
glasser,https://www.linkedin.com/in/dglasser
koblas,https://www.linkedin.com/in/koblas
clayrichardson,https://www.linkedin.com/in/clayrichardson
iamcutler,https://www.linkedin.com/in/iamcutler
jiangts,https://www.linkedin.com/in/jiangts
faisalmansoor,https://www.linkedin.com/in/faisalmansoor
aneesh-neelam,https://www.linkedin.com/in/aneeshneelam
ekong2,https://www.linkedin.com/in/ekong2
narenst,https://www.linkedin.com/in/narenst
rizwanreza,https://www.linkedin.com/in/rizwanreza
yiqin,https://www.linkedin.com/in/yiqin1
omarqx,https://www.linkedin.com/in/omarqa
osdiab,https://www.linkedin.com/in/odiab
zackargyle,https://www.linkedin.com/in/zackargyle
zackbrown,https://www.linkedin.com/in/zackbrown1
clintcparker,https://www.linkedin.com/in/clintonparker
clintonskitson,https://www.linkedin.com/in/clintonkitson
clintworrell,https://www.linkedin.com/in/clintworrell
3zcurdia,https://www.linkedin.com/in/3zcurdia
lasl321,https://www.linkedin.com/in/lasl321
jarrettch,https://www.linkedin.com/in/jarrettch
cat-haines,https://www.linkedin.com/in/cathaines
boeric,https://www.linkedin.com/in/boeric00
laynefaler,https://www.linkedin.com/in/laynefaler
damoncrockett,https://www.linkedin.com/in/damoncrockett
jaredcwhite,https://www.linkedin.com/in/jaredrwhite
jareddlc,https://www.linkedin.com/in/jareddlc
jaredhanson,https://www.linkedin.com/in/jaredhanson
jaredmoody,https://www.linkedin.com/in/jaredmoody
JaredRoth,https://www.linkedin.com/in/jaredsroth
jaredrummler,https://www.linkedin.com/in/jaredrummler
jaredsburrows,https://www.linkedin.com/in/jaredsburrows
ashblue,https://www.linkedin.com/in/ashblue
taliegarcia,https://www.linkedin.com/in/taliegarcia
vincentmac,https://www.linkedin.com/in/vincentmac
prudentprogrammer,https://www.linkedin.com/in/prudentprogrammer
samiur,https://www.linkedin.com/in/samiurr
kesava,https://www.linkedin.com/in/kesava
caynan,https://www.linkedin.com/in/caynan
divyekapoor,https://www.linkedin.com/in/divyekapoor
joonspoon,https://www.linkedin.com/in/joonspoon
johansson,https://www.linkedin.com/in/wjohansson
MadhuriShah,https://www.linkedin.com/in/madhurishah
jatinpandey,https://www.linkedin.com/in/jatinpandey
danafallon,https://www.linkedin.com/in/danafallon
danawoodman,https://www.linkedin.com/in/danawoodman
manulohiya,https://www.linkedin.com/in/manulohiya
iamwilhelm,https://www.linkedin.com/in/iamwilhelm
angrobertsh,https://www.linkedin.com/in/angrobert
omidnoorani,https://www.linkedin.com/in/omidnoorani
svallory,https://www.linkedin.com/in/svallory
throughnothing,https://www.linkedin.com/in/throughnothing
wcharczuk,https://www.linkedin.com/in/wcharczuk
williamalu,https://www.linkedin.com/in/williamlu
williamcotton,https://www.linkedin.com/in/williamcotton
willnorris,https://www.linkedin.com/in/will-norris
wlaurance,https://www.linkedin.com/in/wlaurance
wlindner,https://www.linkedin.com/in/wlindner
wting,https://www.linkedin.com/in/witing
rfadams,https://www.linkedin.com/in/rfadams
rlqualls,https://www.linkedin.com/in/rlqualls
rmd6502,https://www.linkedin.com/in/rmd6502
rnavarro,https://www.linkedin.com/in/ranavarro
RobertKim,https://www.linkedin.com/in/robertgkim
robertroeser,https://www.linkedin.com/in/robertroeser
robmcarrier,https://www.linkedin.com/in/robertmcarrier
rplevy,https://www.linkedin.com/in/rplevy
shedd,https://www.linkedin.com/in/rshedd
ldionne,https://www.linkedin.com/in/ldionne
louisfeng,https://www.linkedin.com/in/louisfeng
louishoang,https://www.linkedin.com/in/louishoang88
milincjoshi,https://www.linkedin.com/in/milincjoshi
diwu1989,https://www.linkedin.com/in/diwu1989
fkling,https://www.linkedin.com/in/fkling
fsalum,https://www.linkedin.com/in/fsalum
kerryjiang,https://www.linkedin.com/in/kerryjiang
beckybeauchamp1,https://www.linkedin.com/in/beckybeauchamp
sventech,https://www.linkedin.com/in/sventechie
stefanzier,https://www.linkedin.com/in/stefanzier
swrobel,https://www.linkedin.com/in/swrobel
caseyhoward,https://www.linkedin.com/in/caseyhowardco
caseyjlaw,https://www.linkedin.com/in/caseylaw
caseysackett,https://www.linkedin.com/in/caseysackett
edspencer,https://www.linkedin.com/in/edspencer85
ajryan,https://www.linkedin.com/in/airyan
darinwilson,https://www.linkedin.com/in/darinwilson
montanaflynn,https://www.linkedin.com/in/montanaflynn
montanalow,https://www.linkedin.com/in/montanalow
aniket-deole,https://www.linkedin.com/in/aniketdeole
c-johnson,https://www.linkedin.com/in/cjohnson9
cacoco,https://www.linkedin.com/in/ccoco
cbeer,https://www.linkedin.com/in/zbeer
ChristopherHaws,https://www.linkedin.com/in/christopherbowns
cbrauchli,https://www.linkedin.com/in/cbrauchli
cduchesne,https://www.linkedin.com/in/cduchesne
cfregly,https://www.linkedin.com/in/cfregly
chdmark,https://www.linkedin.com/in/chdmark
chfritz,https://www.linkedin.com/in/cefritz
Chris-G-Bowles,https://www.linkedin.com/in/chrisbowles
chrisabruce,https://www.linkedin.com/in/chrispbruce
chrisamccoy,https://www.linkedin.com/in/chrisamccoy
chrisballinger,https://www.linkedin.com/in/chris-ballinger
ChrisBeaumont,https://www.linkedin.com/in/chrisbeaumontuk
chrisboulton,https://www.linkedin.com/in/chrisboulton1
ChrisCinelli,https://www.linkedin.com/in/criscinelli
chrisdanford,https://www.linkedin.com/in/chrisdanford
chrisdonahue,https://www.linkedin.com/in/chrisdonahue
chriseppstein,https://www.linkedin.com/in/chriseppstein
ChrisFrench,https://www.linkedin.com/in/chrisfrench39
chrisgillis,https://www.linkedin.com/in/chrisgillis
chrisgriffith,https://www.linkedin.com/in/chrisgriffith
chrislloyd,https://www.linkedin.com/in/jchrislloyd
ChrisMcKenzie,https://www.linkedin.com/in/chrismckenzie37
chrismiles,https://www.linkedin.com/in/chrismiles1
chrisnash,https://www.linkedin.com/in/chrisnash1
chrispolk,https://www.linkedin.com/in/chrispolk
chrissrogers,https://www.linkedin.com/in/chrissrogers
christinajensen,https://www.linkedin.com/in/cjchristinajensen
christopherjwang,https://www.linkedin.com/in/christopherroywang
christopherpeaton,https://www.linkedin.com/in/christopherkeaton
ChristopherSalam,https://www.linkedin.com/in/christophersalam
cjlarose,https://www.linkedin.com/in/cjlarose
cjmerrick,https://www.linkedin.com/in/chmerrick
clatko,https://www.linkedin.com/in/clatko
ChristopherA,https://www.linkedin.com/in/christopherlin
cmstead,https://www.linkedin.com/in/cdstead
cpetersen,https://www.linkedin.com/in/cmpetersen
CPLamb,https://www.linkedin.com/in/ctlamb
csreyes,https://www.linkedin.com/in/csreyes92
ctcherry,https://www.linkedin.com/in/chcherry
cvincent,https://www.linkedin.com/in/chvincent
cwebberOps,https://www.linkedin.com/in/cwebberops
geirman,https://www.linkedin.com/in/geirman
gotgenes,https://www.linkedin.com/in/gotgenes
milliechan,https://www.linkedin.com/in/milliechan
leaena,https://www.linkedin.com/in/leaena
FanyaYoung,https://www.linkedin.com/in/fanyayoung
zumwalt,https://www.linkedin.com/in/zumwalt
rebekahkwon,https://www.linkedin.com/in/rebekahkwon
neocsr,https://www.linkedin.com/in/neocsr
whitmanc,https://www.linkedin.com/in/cwhitman8
Winslett,https://www.linkedin.com/in/winslett
sinanuozdemir,https://www.linkedin.com/in/sinanozdemir
darrenboyd,https://www.linkedin.com/in/darrenboyd
darrylkuhn,https://www.linkedin.com/in/darrylkuhn
animesh-garg,https://www.linkedin.com/in/animeshgarg
colin-scott,https://www.linkedin.com/in/colinrscott
colinkahn,https://www.linkedin.com/in/colinkahn
colinlmcdonald,https://www.linkedin.com/in/colinmcdonald2
colinmarc,https://www.linkedin.com/in/colinman
colinskow,https://www.linkedin.com/in/colinskow
colinsullivan,https://www.linkedin.com/in/colinasullivan
ketankshukla,https://www.linkedin.com/in/ketanshukla
zhiyiw,https://www.linkedin.com/in/zhiyiwu
vivianhoang,https://www.linkedin.com/in/vivianhoang
ultralame,https://www.linkedin.com/in/ultralame
singhenso,https://www.linkedin.com/in/singhenso
tongueroo,https://www.linkedin.com/in/tongueroo
akbarahmed,https://www.linkedin.com/in/akbarahmed
magneland,https://www.linkedin.com/in/magneland
efremidze,https://www.linkedin.com/in/efremidze
FarhadG,https://www.linkedin.com/in/farhadg
espmartin,https://www.linkedin.com/in/espmartin
martinemde,https://www.linkedin.com/in/martinemde
aniruddhadas9,https://www.linkedin.com/in/aniruddhadas9
AnirudhVyas,https://www.linkedin.com/in/anirudhvyas
darylchang,https://www.linkedin.com/in/darylchang
valgaze,https://www.linkedin.com/in/valgaze
victorliu,https://www.linkedin.com/in/victorjliu
victormejia,https://www.linkedin.com/in/victormejia
mrdooz,https://www.linkedin.com/in/mrdooz
sarahmei,https://www.linkedin.com/in/sarahmei
sfalkoff,https://www.linkedin.com/in/sarafalkoff
igorbarinov,https://www.linkedin.com/in/igorbarinov
igorshapiro,https://www.linkedin.com/in/igorshapiro
leegao,https://www.linkedin.com/in/leegao
anishacharya,https://www.linkedin.com/in/anishacharya2
cchamberlain,https://www.linkedin.com/in/colechamberlain
colegeissinger,https://www.linkedin.com/in/colegeissinger
botaohu,https://www.linkedin.com/in/botaohu
alagappanr,https://www.linkedin.com/in/alagappanv
Efren-Barragan,https://www.linkedin.com/in/efrenbarragan
gene1wood,https://www.linkedin.com/in/genewood
generhim,https://www.linkedin.com/in/generhim
joelfrederico,https://www.linkedin.com/in/joelfrederico
tommykho,https://www.linkedin.com/in/tommyho
nicolewhite,https://www.linkedin.com/in/nicolewhite2
nlacasse,https://www.linkedin.com/in/nlacasse
yxiong,https://www.linkedin.com/in/ylxiong
jacobjennings,https://www.linkedin.com/in/jacobnjennings
jakecraige,https://www.linkedin.com/in/jamescraige
eknowledger,https://www.linkedin.com/in/eknowledger
jcarapia,https://www.linkedin.com/in/jcarapia
LeeGar,https://www.linkedin.com/in/leegar
alan-choi,https://www.linkedin.com/in/alanchoi
alangpierce,https://www.linkedin.com/in/alanpierce
alanhogan,https://www.linkedin.com/in/alanhogan
ldong,https://www.linkedin.com/in/ldong1
grantbow,https://www.linkedin.com/in/grantbow
grantjenks,https://www.linkedin.com/in/grantjenks
oshalygin,https://www.linkedin.com/in/oshalygin
nelsonjchen,https://www.linkedin.com/in/nelsonchen5
teddziuba,https://www.linkedin.com/in/teddziuba
TedStudley,https://www.linkedin.com/in/tedstudley
traytonwhite,https://www.linkedin.com/in/traytonwhite
ankurdave,https://www.linkedin.com/in/ankurdave
ehsalazar,https://www.linkedin.com/in/ehsalazar
maksimu,https://www.linkedin.com/in/maksimu
ijayasin,https://www.linkedin.com/in/ijayasin
gjtrowbridge,https://www.linkedin.com/in/gjtrowbridge
gmethvin,https://www.linkedin.com/in/methvin
gosuri,https://www.linkedin.com/in/gosuri
gregburek,https://www.linkedin.com/in/gregburek
greggawatt,https://www.linkedin.com/in/greggawatt
gregmoser,https://www.linkedin.com/in/gregmoser
gregrperkins,https://www.linkedin.com/in/gregperkins
gregsabo,https://www.linkedin.com/in/gregasabo
gregspurrier,https://www.linkedin.com/in/gregspurrier
gregsqueeb,https://www.linkedin.com/in/gregsqueeb
grepory,https://www.linkedin.com/in/grepory
gsmcwhirter,https://www.linkedin.com/in/gsmcwhirter
minsoo91,https://www.linkedin.com/in/minsoo1
a2lin,https://www.linkedin.com/in/a2lin
ademars94,https://www.linkedin.com/in/ademars94
AlexanderMonsanto,https://www.linkedin.com/in/alexandermonsanto
AlexBravo,https://www.linkedin.com/in/alesibravo
alexcastillo,https://www.linkedin.com/in/alexcastillo1
alexebird,https://www.linkedin.com/in/alexbird
alexflint,https://www.linkedin.com/in/alexflint
alexglow,https://www.linkedin.com/in/alexglow
alexhawkins,https://www.linkedin.com/in/alexhawkinsme
alexrudy,https://www.linkedin.com/in/alexrudy
alextsui05,https://www.linkedin.com/in/alextsui
amuramoto,https://www.linkedin.com/in/amuramoto
astephen2,https://www.linkedin.com/in/astephen2
bitfyre,https://www.linkedin.com/in/bitfyre
cyrusmith,https://www.linkedin.com/in/cyrusmith
eggie5,https://www.linkedin.com/in/eggie5
leishman,https://www.linkedin.com/in/aleishman
LK4D4,https://www.linkedin.com/in/lk4d4
ggrossman,https://www.linkedin.com/in/ggrossman
aleclarson,https://www.linkedin.com/in/alec-larson
jcmvbkbc,https://www.linkedin.com/in/jcmvbkbc
maxbeatty,https://www.linkedin.com/in/maxbeatty
MaxSchultz,https://www.linkedin.com/in/maxschultz
chuckreynolds,https://www.linkedin.com/in/chuckreynolds
vutran,https://www.linkedin.com/in/vuhtran
tekknolagi,https://www.linkedin.com/in/tekknolagi
malavbhavsar,https://www.linkedin.com/in/malavbhavsar
tonytamsf,https://www.linkedin.com/in/tonytamsf
dbhaskaran,https://www.linkedin.com/in/dbhaskaran
harpreetsingh,https://www.linkedin.com/in/harpreetsingh98
eileenconner,https://www.linkedin.com/in/eileenconner
morganwallace,https://www.linkedin.com/in/morganmwallace
bengolder,https://www.linkedin.com/in/bgolder
benguillet,https://www.linkedin.com/in/bguillet
benjaminhoffman,https://www.linkedin.com/in/benjaminlhoffman
boertel,https://www.linkedin.com/in/boertel
gleitz,https://www.linkedin.com/in/gleitz
sdejean,https://www.linkedin.com/in/sdejean
sebastiangeiger,https://www.linkedin.com/in/sebastiangeiger
ssoudan,https://www.linkedin.com/in/ssoudan
rochelleterman,https://www.linkedin.com/in/rochelleterman
tonycosentini,https://www.linkedin.com/in/tonycosentini
tonyghita,https://www.linkedin.com/in/tonyghita
tonyta,https://www.linkedin.com/in/tonyta
tonythomson,https://www.linkedin.com/in/tonythomson
dwighthubbard,https://www.linkedin.com/in/dwighthubbard
maximkulkin,https://www.linkedin.com/in/maximkulkin
ekiwan,https://www.linkedin.com/in/ekiwan
jbouhier,https://www.linkedin.com/in/jbbouhier
jeaniejung,https://www.linkedin.com/in/jeaniejung
JeanSebTr,https://www.linkedin.com/in/jeansebtr
jrichardlai,https://www.linkedin.com/in/jeanrichardlai
agganderson,https://www.linkedin.com/in/aliganderson
eclifford,https://www.linkedin.com/in/eclifford
eedeebee,https://www.linkedin.com/in/eedeebee
ehough,https://www.linkedin.com/in/ehough
ejconlon,https://www.linkedin.com/in/ejconlon
Eric-Gonzalez,https://www.linkedin.com/in/ericegonzalez
eric-stanley,https://www.linkedin.com/in/ericrstanley
Eric-Vandenberg,https://www.linkedin.com/in/eric-vandenberg
erichosick,https://www.linkedin.com/in/erichosick
erichsu7,https://www.linkedin.com/in/erichsu7
ericjohnston1989,https://www.linkedin.com/in/ericjohnstonms
EricMFischer,https://www.linkedin.com/in/ericjfischer
ericmwalsh,https://www.linkedin.com/in/ericmwalsh1
ericrwolfe,https://www.linkedin.com/in/ericrwolfe
ericsysmin,https://www.linkedin.com/in/ericsysmin
erictheise,https://www.linkedin.com/in/erictheise
erictu,https://www.linkedin.com/in/erictu
esammer,https://www.linkedin.com/in/esammer
esigler,https://www.linkedin.com/in/esigler
Firehed,https://www.linkedin.com/in/firehed
cynthiaechen,https://www.linkedin.com/in/cynthiachen1
samuel,https://www.linkedin.com/in/samuelks
razfar,https://www.linkedin.com/in/razfar
alfonsoperez,https://www.linkedin.com/in/alfonsojperezm
ilganeli,https://www.linkedin.com/in/ilganeli
bengl,https://www.linkedin.com/in/bengl
bryanchang,https://www.linkedin.com/in/bryankchang
bryanjenningz,https://www.linkedin.com/in/wbryanjennings
bryankaraffa,https://www.linkedin.com/in/bryankaraffa
bryanmojica,https://www.linkedin.com/in/bryanmojica
Bryanprz,https://www.linkedin.com/in/bryanprz
bryansattler,https://www.linkedin.com/in/bryansattler
BryantLuu,https://www.linkedin.com/in/bryantluu
bryanveloso,https://www.linkedin.com/in/bryanveloso
cooloney,https://www.linkedin.com/in/cooloney
harshavardhana,https://www.linkedin.com/in/harshavardhanar
dodeja,https://www.linkedin.com/in/dodeja
jduhamel,https://www.linkedin.com/in/jduhamel
joeblau,https://www.linkedin.com/in/joeblau
joedevon,https://www.linkedin.com/in/joedevon
JoeDoyle23,https://www.linkedin.com/in/joedoyle68
joefallon,https://www.linkedin.com/in/jdfallon
JoeFerrucci,https://www.linkedin.com/in/joeferrucci
joemccann,https://www.linkedin.com/in/joemccann
joemcmahon,https://www.linkedin.com/in/jpmcmahon
joeworkman,https://www.linkedin.com/in/joeworkman
josephgrossberg,https://www.linkedin.com/in/joegrossberg
jprempeh,https://www.linkedin.com/in/joeprempeh
jroers,https://www.linkedin.com/in/joeroers
anotherjesse,https://www.linkedin.com/in/anotherjesse
hathawayjess,https://www.linkedin.com/in/hathawayjess
jayunani,https://www.linkedin.com/in/jayunani
jessedhillon,https://www.linkedin.com/in/jessedhillon
jesseditson,https://www.linkedin.com/in/jesseditson
jessefulton,https://www.linkedin.com/in/jessefulton
jessesquires,https://www.linkedin.com/in/jessesquires
jesseward,https://www.linkedin.com/in/sjesseward
jproulx,https://www.linkedin.com/in/jproulx
zakiali,https://www.linkedin.com/in/zakiali
RISCfuture,https://www.linkedin.com/in/riscfuture
theckman,https://www.linkedin.com/in/timheckman
timburks,https://www.linkedin.com/in/timburks
TimCannady,https://www.linkedin.com/in/timcannady
timdang,https://www.linkedin.com/in/timdang
timfulmer,https://www.linkedin.com/in/timfulmer
timhall1,https://www.linkedin.com/in/timhall5
timhudson,https://www.linkedin.com/in/timwhudson
timkendall,https://www.linkedin.com/in/timjkendall
timmatheson,https://www.linkedin.com/in/timmatheson
timonus,https://www.linkedin.com/in/timonus
timsu,https://www.linkedin.com/in/timysu
timwilkens,https://www.linkedin.com/in/timwilkens
tjarratt,https://www.linkedin.com/in/timjarratt
ravikalaga,https://www.linkedin.com/in/ravikalaga
ozeias,https://www.linkedin.com/in/ozeias
say2joe,https://www.linkedin.com/in/say2joe
toadkicker,https://www.linkedin.com/in/toadkicker
BennettSmith,https://www.linkedin.com/in/bennettmsmith
barmstrong,https://www.linkedin.com/in/barmstrong
bchu,https://www.linkedin.com/in/brchu
bcjordan,https://www.linkedin.com/in/bcjordan
bcwaldon,https://www.linkedin.com/in/bcwaldon
bdmac,https://www.linkedin.com/in/bdmac
bdurand,https://www.linkedin.com/in/bbdurand
bhaberer,https://www.linkedin.com/in/bhaberer
brianmartin,https://www.linkedin.com/in/brianmorton
brainstarr,https://www.linkedin.com/in/brianrstarr
bredfern,https://www.linkedin.com/in/bmredfern
BrianBland,https://www.linkedin.com/in/briantbland
briandang714,https://www.linkedin.com/in/briandang714
briandoll,https://www.linkedin.com/in/briandoll
brianjsykes,https://www.linkedin.com/in/brianhsykes
brianjwoo,https://www.linkedin.com/in/brianwoo1
briankennedy1,https://www.linkedin.com/in/briantkennedy
BrianLoughnane,https://www.linkedin.com/in/brianloughnane
brianmario,https://www.linkedin.com/in/brianmario
brianriley,https://www.linkedin.com/in/briangriley
brianseitel,https://www.linkedin.com/in/brianseitel
BrianSipple,https://www.linkedin.com/in/briansipple
briansoule,https://www.linkedin.com/in/briansoule
briansudo,https://www.linkedin.com/in/briansudev
brianswisher,https://www.linkedin.com/in/jbrianswisher
brianvoss,https://www.linkedin.com/in/brian-voss
bsletten,https://www.linkedin.com/in/bsletten
btford,https://www.linkedin.com/in/bcford
btholt,https://www.linkedin.com/in/btholt
bvaughn,https://www.linkedin.com/in/btvaughn
bwood,https://www.linkedin.com/in/bswood
JBrianGordon,https://www.linkedin.com/in/briangordon
jibrian,https://www.linkedin.com/in/jibrian
elainekmao,https://www.linkedin.com/in/elainemao
elaineo,https://www.linkedin.com/in/elaineo
Haseeb-Qureshi,https://www.linkedin.com/in/haseebqureshi
malmckay,https://www.linkedin.com/in/malmckay
gian,https://www.linkedin.com/in/gianp
kishkaru,https://www.linkedin.com/in/kishkaru
kishore-narendran,https://www.linkedin.com/in/kishorenarendran
jtrenton21,https://www.linkedin.com/in/jtrenton
jimbrowne,https://www.linkedin.com/in/jmbrowne
jimbru,https://www.linkedin.com/in/jimbru
jimfleming,https://www.linkedin.com/in/jimmfleming
jimobrien,https://www.linkedin.com/in/jmobrien
swetland,https://www.linkedin.com/in/swetland
wardbell,https://www.linkedin.com/in/wardbell
pablobrady,https://www.linkedin.com/in/paulbrady
paulchino,https://www.linkedin.com/in/paulchang
paulcollinsiii,https://www.linkedin.com/in/paulcollinstipp
paulnsorensen,https://www.linkedin.com/in/paulsorensen1
paulpdaniels,https://www.linkedin.com/in/paul-daniels
paulshen,https://www.linkedin.com/in/paulshen0
pquerna,https://www.linkedin.com/in/pquerna
trentonstrong,https://www.linkedin.com/in/trentonstrong
rachelmyers,https://www.linkedin.com/in/rachelmyers
puls,https://www.linkedin.com/in/jpuls
anshulverma,https://www.linkedin.com/in/dranshulverma
mitchconquer,https://www.linkedin.com/in/mitchconquer
cody-greene,https://www.linkedin.com/in/codymgreene
codykrieger,https://www.linkedin.com/in/codyrkrieger
judytuna,https://www.linkedin.com/in/judytuna
audreycole,https://www.linkedin.com/in/audreycole
kbuckler,https://www.linkedin.com/in/kbuckler
kennydo,https://www.linkedin.com/in/kennydo
kennyt,https://www.linkedin.com/in/kennylt
alvinlai,https://www.linkedin.com/in/alvinlaiwh
ayuan214,https://www.linkedin.com/in/ayuan214
fvntr,https://www.linkedin.com/in/fvntr
macressler,https://www.linkedin.com/in/macressler
jeddawson,https://www.linkedin.com/in/jeddawson
federicobucchi,https://www.linkedin.com/in/federicobucchi
aaronbuchanan,https://www.linkedin.com/in/aaronbuchanan
aaroncox,https://www.linkedin.com/in/aaroncox32
AaronJuarez,https://www.linkedin.com/in/aaron-juarez
aaronkim5,https://www.linkedin.com/in/aaronkim5
aaronroberson,https://www.linkedin.com/in/aaronroberson
aaronsakowski,https://www.linkedin.com/in/aaronsakowski
aarontam,https://www.linkedin.com/in/aarontam
agchou,https://www.linkedin.com/in/agchou
AGFeldman,https://www.linkedin.com/in/afeldman1
amdtech,https://www.linkedin.com/in/amdtech
arusso,https://www.linkedin.com/in/aarusso
eightysteele,https://www.linkedin.com/in/eightysteele
pagebrooks,https://www.linkedin.com/in/pagebrooks
sayem,https://www.linkedin.com/in/sayemk
philip-peterson,https://www.linkedin.com/in/philiplpeterson
philipcolejohnson,https://www.linkedin.com/in/philipljohnson
philipwalton,https://www.linkedin.com/in/philipwalton
philkeys,https://www.linkedin.com/in/philkeys1
phillipjohnston,https://www.linkedin.com/in/phillipjohnston1
philmui,https://www.linkedin.com/in/philmui
phlipper,https://www.linkedin.com/in/phlipper
rodrigosetti,https://www.linkedin.com/in/rodrigosetti
rsampaio,https://www.linkedin.com/in/rsampaio
HBehrens,https://www.linkedin.com/in/hbehrens
filipecrosk,https://www.linkedin.com/in/filipecrosk
filkuzmanovski,https://www.linkedin.com/in/filipkuzmanovski
mitulap,https://www.linkedin.com/in/mitulap
ianbrandt,https://www.linkedin.com/in/iansbrandt
IanConnolly,https://www.linkedin.com/in/iconnolly
iandanforth,https://www.linkedin.com/in/iandanforth
IanSpringer,https://www.linkedin.com/in/ianspringer
igmcdowell,https://www.linkedin.com/in/igmcdowell
simonmichael,https://www.linkedin.com/in/simon-michael
simonprickett,https://www.linkedin.com/in/simonprickett
zain,https://www.linkedin.com/in/zainm
pablobarbera,https://www.linkedin.com/in/pablobarbera
pjadzinsky,https://www.linkedin.com/in/pjadzinsky
rohan-joshi,https://www.linkedin.com/in/rohanjoshi
raejin,https://www.linkedin.com/in/raejin
bentona,https://www.linkedin.com/in/bentonja
fmaker,https://www.linkedin.com/in/fmaker
frankleng,https://www.linkedin.com/in/frankleng
frankzwang,https://www.linkedin.com/in/frankqwang
franzparks,https://www.linkedin.com/in/franzparks
anujaverma11,https://www.linkedin.com/in/anujaverma1
jackchi,https://www.linkedin.com/in/jackchi
jackjennings,https://www.linkedin.com/in/jackjennings
jacknguyen,https://www.linkedin.com/in/jackcnguyen
jherr,https://www.linkedin.com/in/jherr
mejackreed,https://www.linkedin.com/in/jackreed
alicenguyen,https://www.linkedin.com/in/alice-nguyen
smockle,https://www.linkedin.com/in/smockle
owenscott,https://www.linkedin.com/in/owenscott
tyejones,https://www.linkedin.com/in/tyejones
jenlampton,https://www.linkedin.com/in/jenlampton
jenscobie,https://www.linkedin.com/in/jenscobie
liamdon,https://www.linkedin.com/in/liamdon
klausbadelt,https://www.linkedin.com/in/klausbadelt
avalanche123,https://www.linkedin.com/in/avalanche123
AdamAndrus,https://www.linkedin.com/in/adam-andrus
AdamBCo,https://www.linkedin.com/in/adambco
adamberman,https://www.linkedin.com/in/adamberman
adamgibbons,https://www.linkedin.com/in/adamcgibbons
AdamLawicki,https://www.linkedin.com/in/adamlawicki
adamloo85,https://www.linkedin.com/in/adamloo
adammclean,https://www.linkedin.com/in/adammclean1
adamstegman,https://www.linkedin.com/in/adamstegman
adamtait,https://www.linkedin.com/in/adamvtait
adamwalz,https://www.linkedin.com/in/adamwalz
adepue,https://www.linkedin.com/in/adepue
adjohn,https://www.linkedin.com/in/adjohn
CrabDude,https://www.linkedin.com/in/crabdude
berianjames,https://www.linkedin.com/in/berianjames
hc5duke,https://www.linkedin.com/in/hc5duke
mars,https://www.linkedin.com/in/marsi
anupamkaul,https://www.linkedin.com/in/anupamkaul
joeyyang,https://www.linkedin.com/in/joeyjyang
dmlittle,https://www.linkedin.com/in/dmlittle
giuliomarin,https://www.linkedin.com/in/giuliomarin
lauraskelton,https://www.linkedin.com/in/lauraskelton
laurenjrichie,https://www.linkedin.com/in/laurenjrichie
mwhuss,https://www.linkedin.com/in/mwhuss
snambi,https://www.linkedin.com/in/snambi
zbowling,https://www.linkedin.com/in/zbowling
zconnelly13,https://www.linkedin.com/in/zconnelly13
ingridavendano,https://www.linkedin.com/in/ingridavendano
heardrwt,https://www.linkedin.com/in/heardrwt
avipatel91,https://www.linkedin.com/in/avipatel1
alevchuk,https://www.linkedin.com/in/alevchuk
brunobeltran,https://www.linkedin.com/in/brunobeltran
brunotg,https://www.linkedin.com/in/brunot
libin,https://www.linkedin.com/in/libin
BernhardKonrad,https://www.linkedin.com/in/bernhardkonrad
weiweichen,https://www.linkedin.com/in/weiweichen07
richardking,https://www.linkedin.com/in/richardlung
richardfickling,https://www.linkedin.com/in/richardfickling
RichardJordan,https://www.linkedin.com/in/richarddjordan
richardmarshall,https://www.linkedin.com/in/richardmarshall
richardstanley,https://www.linkedin.com/in/richardmstanley
richgieg,https://www.linkedin.com/in/richgieg
RichMorin,https://www.linkedin.com/in/richmorin
RichOren,https://www.linkedin.com/in/richoren
richrines,https://www.linkedin.com/in/richrines
richstoner,https://www.linkedin.com/in/richardstoner
rjhintz,https://www.linkedin.com/in/rjhintz
rkuo,https://www.linkedin.com/in/rikuo
rtfeldman,https://www.linkedin.com/in/rtfeldman
RWTreichel,https://www.linkedin.com/in/rwtreichel
seato,https://www.linkedin.com/in/seato
sidbatra,https://www.linkedin.com/in/sidbatra
siddarth,https://www.linkedin.com/in/siddarthc
sjolsen,https://www.linkedin.com/in/sjolsen
StuartHa,https://www.linkedin.com/in/stuartha
stuross,https://www.linkedin.com/in/stuross1
carver,https://www.linkedin.com/in/jcarver
jansel,https://www.linkedin.com/in/jansel
jasobrown,https://www.linkedin.com/in/jasontbrown
jasonaibrahim,https://www.linkedin.com/in/jasonibrahim
jasonbaker,https://www.linkedin.com/in/jasonjbaker
jasonbio,https://www.linkedin.com/in/jasonbio
jasonjchang,https://www.linkedin.com/in/jasonjchang
jasonkriss,https://www.linkedin.com/in/jasonkriss
jasonlally,https://www.linkedin.com/in/jasonlally
jasonly,https://www.linkedin.com/in/jasonly1
jasonraimondi,https://www.linkedin.com/in/jasonraimondi1
jasonscharff,https://www.linkedin.com/in/jasonscharff
jasonwiener,https://www.linkedin.com/in/jasoniwiener
jjwon0,https://www.linkedin.com/in/jjwon
jlquaccia,https://www.linkedin.com/in/jlquaccia
jasonmay,https://www.linkedin.com/in/jasonmay
jdcrensh,https://www.linkedin.com/in/jdcrensh
jheise,https://www.linkedin.com/in/joheise
jkschneider,https://www.linkedin.com/in/jonkschneider
jon-choi,https://www.linkedin.com/in/jon-choi
jon-eckstein,https://www.linkedin.com/in/joneckstein
JonAbrams,https://www.linkedin.com/in/jabrams
jondwillis,https://www.linkedin.com/in/jonwillis
jonfairbanks,https://www.linkedin.com/in/jonfairbanks
jonlunsford,https://www.linkedin.com/in/jonlunsford
jonsadka,https://www.linkedin.com/in/jonsadka
jontejada,https://www.linkedin.com/in/jontejada
deanputney,https://www.linkedin.com/in/deanputney
cezarywojcik,https://www.linkedin.com/in/cezarywojcik
marwahaha,https://www.linkedin.com/in/marwahaha
junzh0u,https://www.linkedin.com/in/junzh0u
abdullahaalam,https://www.linkedin.com/in/abdullahaalam
daguej,https://www.linkedin.com/in/daguej
jalehman,https://www.linkedin.com/in/jalehman1
jfred,https://www.linkedin.com/in/jfred
jhartman,https://www.linkedin.com/in/jhartman
jlevine22,https://www.linkedin.com/in/jlevine
joshfraser,https://www.linkedin.com/in/joshuafraser
joshfrench,https://www.linkedin.com/in/joshfrench
joshfry,https://www.linkedin.com/in/joshdfry
JoshHighland,https://www.linkedin.com/in/joshhighland
joshlbaker,https://www.linkedin.com/in/joshlbaker
JoshRosen,https://www.linkedin.com/in/josharosen
JoshuaGross,https://www.linkedin.com/in/joshgross
joshuamckenty,https://www.linkedin.com/in/joshuamckenty
JoshuaSP,https://www.linkedin.com/in/joshuasp
joshuata,https://www.linkedin.com/in/joshuata
joshuathayer,https://www.linkedin.com/in/joshuathayer
joshwalters,https://www.linkedin.com/in/joshmwalters
jwise,https://www.linkedin.com/in/jwise1
coderkat,https://www.linkedin.com/in/coderkat
kathy-ems,https://www.linkedin.com/in/kathyems
raheelahmad,https://www.linkedin.com/in/raheelahmad20
subakva,https://www.linkedin.com/in/subakva
parasj,https://www.linkedin.com/in/parasj
nealhardesty,https://www.linkedin.com/in/nealhardesty
nealwu,https://www.linkedin.com/in/nealwu
nickbp,https://www.linkedin.com/in/nickbp
sdether,https://www.linkedin.com/in/sdether
rustyrazorblade,https://www.linkedin.com/in/rustyrazorblade
grempe,https://www.linkedin.com/in/grempe
ccheever,https://www.linkedin.com/in/ccheever
charleschen,https://www.linkedin.com/in/charleshmchen
CharlesHurt,https://www.linkedin.com/in/charleshurt
charlesmadere,https://www.linkedin.com/in/charlesmadere
CharlieHess,https://www.linkedin.com/in/charliehess
charlieoleary,https://www.linkedin.com/in/charlieoleary
charlieyan,https://www.linkedin.com/in/charlieyan
charutiwari04,https://www.linkedin.com/in/charutiwari04
chooper,https://www.linkedin.com/in/chooper
cssimms,https://www.linkedin.com/in/cssimms
cyzhao,https://www.linkedin.com/in/czhao
maryamklabib,https://www.linkedin.com/in/maryamlabib
bsiddiqui,https://www.linkedin.com/in/bsiddiqui
cgcardona,https://www.linkedin.com/in/gcardonag
gabrielcastillo,https://www.linkedin.com/in/gabrielcastillo
gabrielrinaldi,https://www.linkedin.com/in/gabrielrinaldi
gpeal,https://www.linkedin.com/in/gpeal
abhishekdewan101,https://www.linkedin.com/in/abhishekdewan
abhitrivedi,https://www.linkedin.com/in/abhinavtrivedi
coderplay,https://www.linkedin.com/in/coderplay
dovekie,https://www.linkedin.com/in/dovekie
lingsitu1290,https://www.linkedin.com/in/lingsitu1290
rahul-nath,https://www.linkedin.com/in/rahulpnath
sidharthgoel,https://www.linkedin.com/in/sidharthgoel
ralphpina,https://www.linkedin.com/in/ralphpina
wesalvaro,https://www.linkedin.com/in/wesalvaro
ronaknnathani,https://www.linkedin.com/in/ronaknnathani
sethah,https://www.linkedin.com/in/sethah
sethladd,https://www.linkedin.com/in/sethladd
SethMilliken,https://www.linkedin.com/in/sethmilliken
sethvoltz,https://www.linkedin.com/in/sethvoltz
sunseth,https://www.linkedin.com/in/sunseth
lucasqiu,https://www.linkedin.com/in/lucasqiu
lucaswiman,https://www.linkedin.com/in/lucaswiman
bradencanderson,https://www.linkedin.com/in/bradenanderson
bradfordbarr,https://www.linkedin.com/in/bradford-barr
bradvogel,https://www.linkedin.com/in/bradvogel
metadaddy,https://www.linkedin.com/in/metadaddy
cadizm,https://www.linkedin.com/in/cadizm
cmswalker,https://www.linkedin.com/in/mswalker
fluhartyml,https://www.linkedin.com/in/fluhartym
kmjch,https://www.linkedin.com/in/kmjch
kovacs,https://www.linkedin.com/in/kovacs
marineam,https://www.linkedin.com/in/marineam
mbarrien,https://www.linkedin.com/in/mbarrien
mcreinhard,https://www.linkedin.com/in/mcreinhard
mcritz,https://www.linkedin.com/in/mcritz
mcrumm,https://www.linkedin.com/in/mcrumm
mdykman,https://www.linkedin.com/in/mdykman
michaelbpaulson,https://www.linkedin.com/in/michaelcpaulson
michaelchadwick,https://www.linkedin.com/in/michaelchadwickjr
michaeldeol,https://www.linkedin.com/in/michaeldeol
michaellevy,https://www.linkedin.com/in/michaellevy2
michaelrbock,https://www.linkedin.com/in/michaelrbock
MichaelRevell,https://www.linkedin.com/in/michaelrevell
michaelshobbs,https://www.linkedin.com/in/michaelshobbs
michaelstewart,https://www.linkedin.com/in/michaelrstewart
michikono,https://www.linkedin.com/in/michikono
michaelstorm,https://www.linkedin.com/in/michaelstock
mikeferguson,https://www.linkedin.com/in/mikefergusondpi
mnickey,https://www.linkedin.com/in/mnickey
henrystewart,https://www.linkedin.com/in/henrystewart
henrytwang,https://www.linkedin.com/in/henrycwang
liuhenry,https://www.linkedin.com/in/liuhenry
deeGraYve,https://www.linkedin.com/in/deegrayve
demisx,https://www.linkedin.com/in/demisx
mason-lee,https://www.linkedin.com/in/masonblee
jeongyoonlee,https://www.linkedin.com/in/jeongyoonlee
ChadFong,https://www.linkedin.com/in/chadfong
JvalantPatel,https://www.linkedin.com/in/jvalantpatel
allejo,https://www.linkedin.com/in/allejo
rooharrigan,https://www.linkedin.com/in/rooharrigan
unthunk,https://www.linkedin.com/in/unthunk
parisholley,https://www.linkedin.com/in/parisholley
mpdaugherty,https://www.linkedin.com/in/mdaugherty1
mschuldt,https://www.linkedin.com/in/meschuldt
mshafrir,https://www.linkedin.com/in/mshafrir
mwalton,https://www.linkedin.com/in/miwalton
mwhittaker,https://www.linkedin.com/in/miwhittaker
UpWorks,https://www.linkedin.com/in/upworks
soniabrami,https://www.linkedin.com/in/soniabrahmi
vkostyukov,https://www.linkedin.com/in/vkostyukov
bsudekum,https://www.linkedin.com/in/bsudekum
forrestbthomas,https://www.linkedin.com/in/forrestbthomas
collenjones,https://www.linkedin.com/in/collenjones
collinadams,https://www.linkedin.com/in/collinadams
collinjackson,https://www.linkedin.com/in/collinjackson
austinblanchard,https://www.linkedin.com/in/austinblanchard
AustinWise,https://www.linkedin.com/in/austinwise
ddeville,https://www.linkedin.com/in/ddeville84
parkr,https://www.linkedin.com/in/parkr
tejasmanohar,https://www.linkedin.com/in/tejasmanohar
ackrause,https://www.linkedin.com/in/ackrause
acrookston,https://www.linkedin.com/in/crookston
aerickson,https://www.linkedin.com/in/aerickson
afurth89,https://www.linkedin.com/in/afurth
aglover,https://www.linkedin.com/in/aglover
andregomars,https://www.linkedin.com/in/andregomars
andreisavu,https://www.linkedin.com/in/andreisavu
andresdouglas,https://www.linkedin.com/in/andresdouglas
andrew-christianson,https://www.linkedin.com/in/andrewchristianson
Andrew-McLeod,https://www.linkedin.com/in/andrew-mcleod
andrewarrow,https://www.linkedin.com/in/andrewarrow
andrewburgess,https://www.linkedin.com/in/andrewgburgess
AndrewGuenther,https://www.linkedin.com/in/andrewguenther
andrewhead,https://www.linkedin.com/in/andrewhao
AndrewHenderson,https://www.linkedin.com/in/andrewmhenderson1
AndrewJo,https://www.linkedin.com/in/andrewjo93
andrewkatz,https://www.linkedin.com/in/andrewkatz
AndrewKishino,https://www.linkedin.com/in/andrewkishino
andrewle,https://www.linkedin.com/in/andrewle21
andrewmartin,https://www.linkedin.com/in/andrewmartin26
andrewminer,https://www.linkedin.com/in/andrewdminer
andrewpatterson3001,https://www.linkedin.com/in/andrewpatterson1
andrewschreiber,https://www.linkedin.com/in/andrewschreiberks
andrewseidl,https://www.linkedin.com/in/andrewseidl
andrewhao,https://www.linkedin.com/in/andrewhay
andrewtdinh,https://www.linkedin.com/in/andrewkdinh
andrewzhang1,https://www.linkedin.com/in/andrewzhangyf
andreychernih,https://www.linkedin.com/in/andreychernih
ankane,https://www.linkedin.com/in/ankane
aoriani,https://www.linkedin.com/in/aoriani
apurtell,https://www.linkedin.com/in/apurtell
arasmussen,https://www.linkedin.com/in/anrasmussen
arsturges,https://www.linkedin.com/in/apsturges
catesandrew,https://www.linkedin.com/in/catesandrew
amstocker,https://www.linkedin.com/in/amstokes
andrewpage,https://www.linkedin.com/in/andrewmager
metcalf,https://www.linkedin.com/in/ametcalf
hilaryparker,https://www.linkedin.com/in/hilaryparker
hulbert,https://www.linkedin.com/in/shulbert
emerose,https://www.linkedin.com/in/emerose
shazow,https://www.linkedin.com/in/shazow
RossAD,https://www.linkedin.com/in/rossad
rosslebeau,https://www.linkedin.com/in/rosslebeau
why-jay,https://www.linkedin.com/in/whyjay
seanrose,https://www.linkedin.com/in/seanarose
Nitinkumar-Gove,https://www.linkedin.com/in/nitinkumargove
rakeshnair,https://www.linkedin.com/in/rakeshsnair
nullstyle,https://www.linkedin.com/in/nullstyle
sbaar,https://www.linkedin.com/in/sbaar
sc0ttbeardsley,https://www.linkedin.com/in/scottbeardsley21
schacon,https://www.linkedin.com/in/schacon
scottchiang,https://www.linkedin.com/in/scottchiang
scotthasbrouck,https://www.linkedin.com/in/scotthasbrouck
scottjason,https://www.linkedin.com/in/scottleejason
scottstanfield,https://www.linkedin.com/in/scottgmansfield
ScottPhillips,https://www.linkedin.com/in/scottphillips
scottpurdy,https://www.linkedin.com/in/scottmpurdy
scottrabin,https://www.linkedin.com/in/scottrabin
scottrice10,https://www.linkedin.com/in/scottrice10
sholden,https://www.linkedin.com/in/snholden
shyndman,https://www.linkedin.com/in/shyndman
sthorpe,https://www.linkedin.com/in/scthorpe
saarons,https://www.linkedin.com/in/samaarons
sambernard,https://www.linkedin.com/in/sambernard
SamDarbonne,https://www.linkedin.com/in/sam-darbonne
samdturner,https://www.linkedin.com/in/samdturner
samgreen,https://www.linkedin.com/in/samgreenli
sammerry,https://www.linkedin.com/in/sammerry
sampierson,https://www.linkedin.com/in/sampierson
samrushing,https://www.linkedin.com/in/samrushing
samshull,https://www.linkedin.com/in/samshull
samstokes,https://www.linkedin.com/in/samstokesuk
sburnett,https://www.linkedin.com/in/samburnett
scgruber,https://www.linkedin.com/in/scgruber
sgammon,https://www.linkedin.com/in/samgammon
shwoodard,https://www.linkedin.com/in/samwoodard
smerritt,https://www.linkedin.com/in/sammerritt
spullara,https://www.linkedin.com/in/spullara
blakeshall,https://www.linkedin.com/in/blakehall1
blakewatters,https://www.linkedin.com/in/blakewatters
brendanbohn,https://www.linkedin.com/in/brendanbohn
brendankenny,https://www.linkedin.com/in/brendanmkenny
brendannee,https://www.linkedin.com/in/brendannee
brendoncrawford,https://www.linkedin.com/in/brendoncrawford
brennancheung,https://www.linkedin.com/in/brennancheung
brentluna,https://www.linkedin.com/in/brent-luna
brntbeer,https://www.linkedin.com/in/brntbeer
bwmcadams,https://www.linkedin.com/in/bwmcadams
moizqureshi,https://www.linkedin.com/in/moizqureshi
alokpradhan,https://www.linkedin.com/in/alokpradhan
delqn,https://www.linkedin.com/in/delqn
buckyroberts,https://www.linkedin.com/in/buckyroberts
hinathan,https://www.linkedin.com/in/hinathan
abrahamhall84,https://www.linkedin.com/in/abrahamhall
Rick-Houser,https://www.linkedin.com/in/rick-houser
rickharrison,https://www.linkedin.com/in/rickharrison
rickyeh,https://www.linkedin.com/in/rickyeh
rickypai,https://www.linkedin.com/in/rickypai
natecox,https://www.linkedin.com/in/nathcox
nathanjordan,https://www.linkedin.com/in/nathanjordan
nathanmpark,https://www.linkedin.com/in/nathanmpark
NathanSass,https://www.linkedin.com/in/nathansass
nbashaw,https://www.linkedin.com/in/nbashaw
nfraenkel,https://www.linkedin.com/in/nfraenkel
NHDaly,https://www.linkedin.com/in/nhdaly
thomsbg,https://www.linkedin.com/in/thomsbg
pattychau,https://www.linkedin.com/in/pattychau
Wilbeibi,https://www.linkedin.com/in/wilbeibi
soroushjp,https://www.linkedin.com/in/soroushjp
urinieto,https://www.linkedin.com/in/urinieto
pragmaticivan,https://www.linkedin.com/in/pragmaticivan
nmccarthy,https://www.linkedin.com/in/neilmccarthy
hirangoly,https://www.linkedin.com/in/hirangoly
iregina,https://www.linkedin.com/in/iregina
alpascual,https://www.linkedin.com/in/alpascual
lisamcho,https://www.linkedin.com/in/lisamcho
lisavogtsf,https://www.linkedin.com/in/lisavogtsf
azizuysal,https://www.linkedin.com/in/azizuysal
connorjacobsen,https://www.linkedin.com/in/connorjacobsen
goldibex,https://www.linkedin.com/in/goldibex
chase-martin,https://www.linkedin.com/in/chasejmartin
chasestarr,https://www.linkedin.com/in/chasestarr
KaijenHsiao,https://www.linkedin.com/in/kaijenhsiao
zshao,https://www.linkedin.com/in/zshao
ntylerwarner,https://www.linkedin.com/in/ntylerwarner
supertylerc,https://www.linkedin.com/in/supertylerc
TheIronDeveloper,https://www.linkedin.com/in/theirondeveloper
thetylerhayes,https://www.linkedin.com/in/tylerhayes
thfield,https://www.linkedin.com/in/thfield
TylerBrock,https://www.linkedin.com/in/tylermbrock
tylerdavis,https://www.linkedin.com/in/tylerkdavis
tylerpearson,https://www.linkedin.com/in/tylerspearson
tylerprete,https://www.linkedin.com/in/tylerprete
tylershuster,https://www.linkedin.com/in/tylershuster
usmanghani,https://www.linkedin.com/in/usmanghani2
conradev,https://www.linkedin.com/in/conradev
bwbaugh,https://www.linkedin.com/in/bwbaugh
albertliao,https://www.linkedin.com/in/albertliao
albertmejia,https://www.linkedin.com/in/albertmejia
atseng3,https://www.linkedin.com/in/atseng34
morozgrafix,https://www.linkedin.com/in/morozgrafix
fourdman,https://www.linkedin.com/in/fourdman
KalebClark,https://www.linkedin.com/in/mkalebclark
manikrathee,https://www.linkedin.com/in/manikrathee
manishkhanchandani,https://www.linkedin.com/in/manishkhanchandani
heschlie,https://www.linkedin.com/in/heschlie
emilyrose,https://www.linkedin.com/in/emilyrrose
JHadley1406,https://www.linkedin.com/in/jhadley1406
mcculloughsean,https://www.linkedin.com/in/mcculloughsean
MauricioRoman,https://www.linkedin.com/in/mauricioroman
mbustosorg,https://www.linkedin.com/in/mbustosorg
bhagatsingh,https://www.linkedin.com/in/bhagatsingh13
testobsessed,https://www.linkedin.com/in/testobsessed
wesleycho,https://www.linkedin.com/in/wesleycho
royboy789,https://www.linkedin.com/in/royboy789
royxue,https://www.linkedin.com/in/roy-xue
shoyer,https://www.linkedin.com/in/shoyer
slarson,https://www.linkedin.com/in/sklarson
stephenhandley,https://www.linkedin.com/in/stephenhandley
stephenlsiegel,https://www.linkedin.com/in/stephengsiegel
stephentu,https://www.linkedin.com/in/stephen7tu
stevemcquaid,https://www.linkedin.com/in/stephenmcquaid
stvauyeung,https://www.linkedin.com/in/stvauyeung
noahcampbell,https://www.linkedin.com/in/noahcampbell
noahgibbs,https://www.linkedin.com/in/noahgibbs
NoahKunin,https://www.linkedin.com/in/noahkunin
rameshvs,https://www.linkedin.com/in/rameshs
sampathweb,https://www.linkedin.com/in/sampathweb
sean-perryman,https://www.linkedin.com/in/seanperryman
seanhoughton,https://www.linkedin.com/in/seanhoughton1
seanknox,https://www.linkedin.com/in/seanknox
seanmcgary,https://www.linkedin.com/in/seanmcgary
seansu4you87,https://www.linkedin.com/in/seansu4you87
Wilsonilo,https://www.linkedin.com/in/wilsonilo
arangamani,https://www.linkedin.com/in/arangamani
chetan51,https://www.linkedin.com/in/chetan51
ChetHarrison,https://www.linkedin.com/in/chetharrison
ashleyjelks,https://www.linkedin.com/in/ashleyrjelks
kamlendrachauhan,https://www.linkedin.com/in/kamlendrachauhan
b-lambert,https://www.linkedin.com/in/benlambert
bcurren,https://www.linkedin.com/in/bcurren
ben-manning,https://www.linkedin.com/in/benfmanning
benalavi,https://www.linkedin.com/in/benalavi
benasher44,https://www.linkedin.com/in/benasher44
benbuckman,https://www.linkedin.com/in/benbuckman
bendmorris,https://www.linkedin.com/in/benmorris1
bendrucker,https://www.linkedin.com/in/bendrucker
bengfarrell,https://www.linkedin.com/in/bencfarrell
benjaffe,https://www.linkedin.com/in/benjaffe
benkuhn,https://www.linkedin.com/in/benkuehn
benmarten,https://www.linkedin.com/in/benmarten
bensomers,https://www.linkedin.com/in/bensomers
blesh,https://www.linkedin.com/in/blesh
bmarini,https://www.linkedin.com/in/benmarini
bmeynell,https://www.linkedin.com/in/benmeynell
CroquetPro,https://www.linkedin.com/in/croquetpro
kremerben,https://www.linkedin.com/in/kremerben
winnietong,https://www.linkedin.com/in/winnietong
sepehrvakili,https://www.linkedin.com/in/sepehrvakili
troystribling,https://www.linkedin.com/in/troystribling
newhouseb,https://www.linkedin.com/in/bnewhouse
therealbenjamin,https://www.linkedin.com/in/therealbenjamin
acolchado,https://www.linkedin.com/in/acolchado
drujensen,https://www.linkedin.com/in/drujensen
gouravtiwari,https://www.linkedin.com/in/gouravtiwari
derekkoch,https://www.linkedin.com/in/derekkoch
derekrliang,https://www.linkedin.com/in/derekliang
dmikey,https://www.linkedin.com/in/dmikey
dmsakamoto,https://www.linkedin.com/in/dmsakamoto
hammerdr,https://www.linkedin.com/in/hammerdr
hobbs,https://www.linkedin.com/in/zhobbs
jhenkens,https://www.linkedin.com/in/jhenkens
irvingruan,https://www.linkedin.com/in/irvingruan
yongsoo,https://www.linkedin.com/in/yongsoo
peggyl,https://www.linkedin.com/in/peggyli
spencersalazar,https://www.linkedin.com/in/spencersalazar
vaibhavb,https://www.linkedin.com/in/vaibhavb
vaibhavdesai137,https://www.linkedin.com/in/vaibhavdesai91
serkanpektas,https://www.linkedin.com/in/serkanpektas
perezd,https://www.linkedin.com/in/perezd
mzlittle,https://www.linkedin.com/in/mzlittle
zacharydenton,https://www.linkedin.com/in/zachdenton
zachsnow,https://www.linkedin.com/in/zachsnow1
zbruhnke,https://www.linkedin.com/in/zbruhnke
zfogg,https://www.linkedin.com/in/zfogg
zmbush,https://www.linkedin.com/in/zmbush
zpinter,https://www.linkedin.com/in/zpinter
zpriddy,https://www.linkedin.com/in/zpriddy
rykuehn,https://www.linkedin.com/in/rykuehn
mbhinder,https://www.linkedin.com/in/mbhinder
backus,https://www.linkedin.com/in/jbackus
javasoze,https://www.linkedin.com/in/javasoze
jfsiii,https://www.linkedin.com/in/jfsiii
JHKennedy4,https://www.linkedin.com/in/jlkennedy
jjjreisss,https://www.linkedin.com/in/jjjreisss
jmondo,https://www.linkedin.com/in/jmondo
john-ko,https://www.linkedin.com/in/johnko
johnbender,https://www.linkedin.com/in/johnwbender
johnboiles,https://www.linkedin.com/in/johnboiles
johnhampton,https://www.linkedin.com/in/johnahampton
johnisaac,https://www.linkedin.com/in/johnisaac7
johnkchow,https://www.linkedin.com/in/johnkchow
johnmarinelli,https://www.linkedin.com/in/johngmarinelli
johnnygames,https://www.linkedin.com/in/johngames
johnnylambada,https://www.linkedin.com/in/johnnylambada
johnpancoast,https://www.linkedin.com/in/johnpancoast
johntyree,https://www.linkedin.com/in/johntyree
johnw188,https://www.linkedin.com/in/johnw188
johnwilkey,https://www.linkedin.com/in/johnawilkey
jsoo1,https://www.linkedin.com/in/jsoo1
jtrupiano,https://www.linkedin.com/in/jtrupiano
jwbowler,https://www.linkedin.com/in/jwbowler
liuhaotian,https://www.linkedin.com/in/liuhaotian
adamsch1,https://www.linkedin.com/in/adamsch1
hober,https://www.linkedin.com/in/hober
Sen-Zhang,https://www.linkedin.com/in/senzhang
notmyname,https://www.linkedin.com/in/notmyname
tregoning,https://www.linkedin.com/in/tregoning
woodie,https://www.linkedin.com/in/woodie
nokane,https://www.linkedin.com/in/nokane
rudyrigot,https://www.linkedin.com/in/rudyrigot
S-Burns,https://www.linkedin.com/in/shburns
ShaneHarvey,https://www.linkedin.com/in/shanepharvey
shanehubbell,https://www.linkedin.com/in/shanehubbell
shanemcgraw,https://www.linkedin.com/in/shanemcgraw
shanewwarren,https://www.linkedin.com/in/shanewarren88
houjieth,https://www.linkedin.com/in/houjieth
geoffreyanderson,https://www.linkedin.com/in/geoffanderson
alysonla,https://www.linkedin.com/in/alysonla
ishanthukral,https://www.linkedin.com/in/ishanthukral
freizl,https://www.linkedin.com/in/freizl
cosimoc,https://www.linkedin.com/in/cosimoc
jwngr,https://www.linkedin.com/in/jwngr
timperrett,https://www.linkedin.com/in/timperrett
tstrimple,https://www.linkedin.com/in/tstrimple
petrbela,https://www.linkedin.com/in/petrbela
pelletier,https://www.linkedin.com/in/tpelletier
thomasloh,https://www.linkedin.com/in/thomaslee
thomas-jung,https://www.linkedin.com/in/thomasjung
thomblake,https://www.linkedin.com/in/thomblake
twolfe2,https://www.linkedin.com/in/twolfe2
thehar,https://www.linkedin.com/in/thehar
cadenichols,https://www.linkedin.com/in/cadenichols
liz-murphy,https://www.linkedin.com/in/lizmurphy
karanparikh,https://www.linkedin.com/in/karanjparikh
grahamking,https://www.linkedin.com/in/2grahamking
eneko,https://www.linkedin.com/in/eneko
houstongolden,https://www.linkedin.com/in/houstongolden
andyburke,https://www.linkedin.com/in/andyburke
andyfleming,https://www.linkedin.com/in/andyfleming57
andyttran,https://www.linkedin.com/in/andyhqtran
hayd,https://www.linkedin.com/in/ahayd
shahshaan,https://www.linkedin.com/in/shahshaan
sandeepkulkarni,https://www.linkedin.com/in/sandeepkulkarnius
sandeshghimire,https://www.linkedin.com/in/sandeshghimire
normanr,https://www.linkedin.com/in/normanr
theandym,https://www.linkedin.com/in/theandym
jiminkk,https://www.linkedin.com/in/jiminkk
lukedeo,https://www.linkedin.com/in/lukedeo
lukemadera,https://www.linkedin.com/in/lukemadera
lukeremy,https://www.linkedin.com/in/lukeremy
fredhsu,https://www.linkedin.com/in/fredhsu
fredyang,https://www.linkedin.com/in/fredyangss
liirene1,https://www.linkedin.com/in/liirene1
crandmck,https://www.linkedin.com/in/crandmck
devarispbrown,https://www.linkedin.com/in/devarispbrown
loganfsmyth,https://www.linkedin.com/in/logansmyth
chengsieuly,https://www.linkedin.com/in/chengsieuly
chenguangshen,https://www.linkedin.com/in/chenguangshen
kschuster,https://www.linkedin.com/in/kschuster
kurtisnelson,https://www.linkedin.com/in/kurtnelson
froyvalencia,https://www.linkedin.com/in/froyvalencia
daneden,https://www.linkedin.com/in/daneden
DanielCasner,https://www.linkedin.com/in/danielcasner
DanielGarcia-Carrillo,https://www.linkedin.com/in/danielgarciacarrillo
DanielGillies,https://www.linkedin.com/in/danielgillies1
danielkouba,https://www.linkedin.com/in/danielkouba
danielmai,https://www.linkedin.com/in/danielmai
danielmurphy,https://www.linkedin.com/in/danielmurphy76
danielrhodes,https://www.linkedin.com/in/danielcrhodes
danielribeiro,https://www.linkedin.com/in/danielribeirorio
danielribeirosilva,https://www.linkedin.com/in/danielribeirosilva
danielrussellLA,https://www.linkedin.com/in/danieldrussell
danishkhan,https://www.linkedin.com/in/danishkhan081
danishmughal,https://www.linkedin.com/in/danishmughal
danlurie,https://www.linkedin.com/in/dannylurie
dannyshafer,https://www.linkedin.com/in/danashafer
daschi,https://www.linkedin.com/in/daschi
dleavitt,https://www.linkedin.com/in/dtleavitt
drGrove,https://www.linkedin.com/in/drgrove
haxney,https://www.linkedin.com/in/haxney
Israel-Andrade,https://www.linkedin.com/in/israelandrade
adityabansod,https://www.linkedin.com/in/adityabansod
zhuangh,https://www.linkedin.com/in/zhuangh
redhotpenguin,https://www.linkedin.com/in/redhotpenguin
rjspotter,https://www.linkedin.com/in/rjspotter
tilgovi,https://www.linkedin.com/in/tilgovi
sdtsui,https://www.linkedin.com/in/sdtsui
taptapdan,https://www.linkedin.com/in/taptapdan
NorthMcCormick,https://www.linkedin.com/in/northmccormick
uschen,https://www.linkedin.com/in/uschen
isubhransu,https://www.linkedin.com/in/isubhransu
jammons,https://www.linkedin.com/in/jammons
jeffbcross,https://www.linkedin.com/in/jeffbcross
JeffBelgum,https://www.linkedin.com/in/jeffbelgum
jeffmay,https://www.linkedin.com/in/jeffsmay
jeffomatic,https://www.linkedin.com/in/jeffomatic
jeffreychien,https://www.linkedin.com/in/jeffreycychien
JeffRisberg,https://www.linkedin.com/in/jeffrisberg
jeffsteinmetz,https://www.linkedin.com/in/jeffsteinmetz
jeffwidman,https://www.linkedin.com/in/jeffwidman
jgladch,https://www.linkedin.com/in/jgladch
jhaynie,https://www.linkedin.com/in/jhaynie
jquast,https://www.linkedin.com/in/jquast
jsturgis,https://www.linkedin.com/in/jsturgis
mehagarg,https://www.linkedin.com/in/mehagarg
AmahAjavon,https://www.linkedin.com/in/amahajavon
jimmyislive,https://www.linkedin.com/in/jimmyislive
byron-hawkins,https://www.linkedin.com/in/byronhawkins
caiotoon,https://www.linkedin.com/in/caiotoon
walterlatimer,https://www.linkedin.com/in/walterlatimerjr
waltertan12,https://www.linkedin.com/in/waltertan12
pgrandin,https://www.linkedin.com/in/pgrandin
Nick-Brennan,https://www.linkedin.com/in/nickdbrennan
nickaknudson,https://www.linkedin.com/in/nickaknudson
nickarora,https://www.linkedin.com/in/nickarora3
nickdaniele,https://www.linkedin.com/in/nickdaniele
nickdirienzo,https://www.linkedin.com/in/nickdirienzo
nickfletcher,https://www.linkedin.com/in/nickfletchr
nickfujita,https://www.linkedin.com/in/nickfujita
nickmerwin,https://www.linkedin.com/in/nickmerwin
nicknish,https://www.linkedin.com/in/nicknish
nickradford,https://www.linkedin.com/in/nickradford
nicksnyder,https://www.linkedin.com/in/nickdsnyder
NickStefan,https://www.linkedin.com/in/nickstefan
nixterrimus,https://www.linkedin.com/in/nixterrimus
njwilson,https://www.linkedin.com/in/njwilson84
ntemple,https://www.linkedin.com/in/nitemple
ntreadway,https://www.linkedin.com/in/nctreadway
ronelliott,https://www.linkedin.com/in/ronelliott
ronhornbaker,https://www.linkedin.com/in/ronhornbaker
yangchi,https://www.linkedin.com/in/yangch
vgvenkat,https://www.linkedin.com/in/vgvenkat
jeffrymorris,https://www.linkedin.com/in/jeffreynorris
pickhardt,https://www.linkedin.com/in/pickhardt
bakineggs,https://www.linkedin.com/in/bakineggs
danbeam,https://www.linkedin.com/in/danbeam
DanBurton,https://www.linkedin.com/in/danburton
dangunter,https://www.linkedin.com/in/dangunter
danreedy,https://www.linkedin.com/in/danreedy
danschultz,https://www.linkedin.com/in/danmschultz
dansimpson,https://www.linkedin.com/in/dansimpsonuk
dmashal,https://www.linkedin.com/in/danmashal
dmose,https://www.linkedin.com/in/dmose
dsully,https://www.linkedin.com/in/dsully
ethernetdan,https://www.linkedin.com/in/ethernetdan
mdpatrick,https://www.linkedin.com/in/kdpatrick
jingli430,https://www.linkedin.com/in/jingli430
aria42,https://www.linkedin.com/in/aria42
duzun,https://www.linkedin.com/in/duzun
donpark,https://www.linkedin.com/in/donhpark
greenido,https://www.linkedin.com/in/greenido
caleb531,https://www.linkedin.com/in/caleb531
CalebFenton,https://www.linkedin.com/in/calebfenton
bjori,https://www.linkedin.com/in/bjori
amareshp,https://www.linkedin.com/in/amareshpat
ljagiello,https://www.linkedin.com/in/ljagiello
sshirokov,https://www.linkedin.com/in/yshirokov
VasiliyRodin,https://www.linkedin.com/in/vasiliyrodin
raybaxter,https://www.linkedin.com/in/raybaxter1
raycmorgan,https://www.linkedin.com/in/raymorgan
raymassie,https://www.linkedin.com/in/raymassie
waynesutton,https://www.linkedin.com/in/waynesutton
ambreenhasan,https://www.linkedin.com/in/ambreenhasan
balajikvijayan,https://www.linkedin.com/in/balajivijayan
jintaoguan,https://www.linkedin.com/in/jintaoguan
melicarls,https://www.linkedin.com/in/melicarls
melindabernrdo,https://www.linkedin.com/in/melindabernrdo
perryh,https://www.linkedin.com/in/perryh
raymondfeng,https://www.linkedin.com/in/raymondfeng
shaochuan,https://www.linkedin.com/in/shaochuan
rzeng95,https://www.linkedin.com/in/rzeng95
kyoro,https://www.linkedin.com/in/kyoro
ameyanaik11,https://www.linkedin.com/in/ameyanaik11
krisalexander,https://www.linkedin.com/in/kristianalexander
kristinpeterson,https://www.linkedin.com/in/kristinpeterson93
KristoferEng,https://www.linkedin.com/in/kristofereng
lloyddsilva,https://www.linkedin.com/in/lloyddsilva
brycereynolds,https://www.linkedin.com/in/bryreynolds
calvinkw1,https://www.linkedin.com/in/calvinkw1
jposadas,https://www.linkedin.com/in/jposadasc
juanpinzon,https://www.linkedin.com/in/juanpinzon
mkhatib,https://www.linkedin.com/in/mkhatib
MohammadAdib,https://www.linkedin.com/in/mohammadadib
dfrankland,https://www.linkedin.com/in/dylanfrankland
dylanfoster,https://www.linkedin.com/in/dylanjfoster
katemonkeys,https://www.linkedin.com/in/katemonkeys
KateWood,https://www.linkedin.com/in/katewood
mkatenelson,https://www.linkedin.com/in/katenelson1
xanderdunn,https://www.linkedin.com/in/xanderdunn
phucnguyen12,https://www.linkedin.com/in/phucnguyen1021
trungly,https://www.linkedin.com/in/trungly
sharoonthomas,https://www.linkedin.com/in/sharoonthomas
bufordtaylor,https://www.linkedin.com/in/bufordtaylor
jamuraa,https://www.linkedin.com/in/jamuraa
marsepu,https://www.linkedin.com/in/marsepu
aminert,https://www.linkedin.com/in/aminert
BardiaAfshin,https://www.linkedin.com/in/bardiaafshin
antoncohen,https://www.linkedin.com/in/antoncohen
antonfisher,https://www.linkedin.com/in/antonfisher
antoniawang,https://www.linkedin.com/in/antoniawang
katiayx,https://www.linkedin.com/in/katiayx
katiemthom,https://www.linkedin.com/in/katiemthom
KTAtkinson,https://www.linkedin.com/in/ktkatkinson
kaizhang,https://www.linkedin.com/in/kaizhang1
veena-sridhar,https://www.linkedin.com/in/veenasridhar
shawnpk,https://www.linkedin.com/in/shawnpk
shawnshuang,https://www.linkedin.com/in/shawnhuang
thoov,https://www.linkedin.com/in/thoov
traviscrampton,https://www.linkedin.com/in/traviscrampton
treeder,https://www.linkedin.com/in/treeder
physicsistic,https://www.linkedin.com/in/physicsistic
kaushaldeo,https://www.linkedin.com/in/kaushaldeo
jaytaylor,https://www.linkedin.com/in/jaytayxor
jthurst01,https://www.linkedin.com/in/jthurst
jwang93,https://www.linkedin.com/in/jaywang93
daywednes,https://www.linkedin.com/in/daywednes
cameronehrlich,https://www.linkedin.com/in/cameronehrlich
cameronhunter,https://www.linkedin.com/in/cameronhunter15
cameronjacoby,https://www.linkedin.com/in/cameronjacoby
jordanekay,https://www.linkedin.com/in/jordankay
jordanpapaleo,https://www.linkedin.com/in/jordanpapaleo
jsomara,https://www.linkedin.com/in/jsomara
jaimejrios,https://www.linkedin.com/in/jaimerios
jjcorreao,https://www.linkedin.com/in/jjcorreao
ebruning,https://www.linkedin.com/in/ebruning
ethankhall,https://www.linkedin.com/in/ethankhall
ethantang95,https://www.linkedin.com/in/ethantang
dgmltn,https://www.linkedin.com/in/dgmltn
dougconner,https://www.linkedin.com/in/dougconner1
douglasbarton,https://www.linkedin.com/in/douglasbarton
DouglasSherk,https://www.linkedin.com/in/dougsherk
dougreese,https://www.linkedin.com/in/dougreese
pikajude,https://www.linkedin.com/in/pikajude
suchow,https://www.linkedin.com/in/suchow
russelldavis,https://www.linkedin.com/in/russelladavis3
russellschmidt,https://www.linkedin.com/in/russellschmidt
nuoyan,https://www.linkedin.com/in/nuoyan
ciberch,https://www.linkedin.com/in/ciberch
monicagrandy,https://www.linkedin.com/in/monicagrandy
monisun,https://www.linkedin.com/in/monicasun
ernestofreyreg,https://www.linkedin.com/in/ernestofreyreg
camillescott,https://www.linkedin.com/in/camillescott
meshachjackson,https://www.linkedin.com/in/meshachjackson
jerrypena1,https://www.linkedin.com/in/jerrypena
amitrathore,https://www.linkedin.com/in/amitrathore
kapadia,https://www.linkedin.com/in/amkapadia
loftywaif002,https://www.linkedin.com/in/loftywaif002
pjkelly,https://www.linkedin.com/in/pjkelly
muratozgul,https://www.linkedin.com/in/muratozgul
nummi,https://www.linkedin.com/in/nummi
ziggythehamster,https://www.linkedin.com/in/ziggythehamster
