Halfnhav4,Adam Turner,https://github.com/Halfnhav4,https://www.linkedin.com/pub/dir/Adam/Turner,https://www.linkedin.com/in/adam-turner-43037913,No,,Simrat
dsully,Dan Sully,https://github.com/dsully,https://www.linkedin.com/pub/dir/Dan/Sully,https://www.linkedin.com/in/dsully,Yes,,
thotjs,Joshwa Fugett,https://github.com/thotjs,https://www.linkedin.com/pub/dir/Joshwa/Fugett,https://www.linkedin.com/in/joshwa-fugett-96173a72,Direct Profile,,
thepomeranian,ThePomeranian,https://github.com/thepomeranian,https://www.linkedin.com/pub/dir/ThePomeranian/+,-,-,No name,
chrisamccoy,Chris McCoy,https://github.com/chrisamccoy,https://www.linkedin.com/pub/dir/Chris/McCoy,https://www.linkedin.com/in/chrisamccoy,Yes,,
aswani521,Aswani Nerella,https://github.com/aswani521,https://www.linkedin.com/pub/dir/Aswani/Nerella,https://www.linkedin.com/in/aswaninerella,Direct Profile,,
taygetea,Olivia Schaefer,https://github.com/taygetea,https://www.linkedin.com/pub/dir/Olivia/Schaefer,https://www.linkedin.com/in/oliviaschaefer,Yes,,
Munnu,Monique B.,https://github.com/Munnu,https://www.linkedin.com/pub/dir/Monique/B.,-,-,Not found,
ryanwholey,Ryan Wholey,https://github.com/ryanwholey,https://www.linkedin.com/pub/dir/Ryan/Wholey,https://www.linkedin.com/in/ryanwholey,Yes,,
usergenic,Brendan Baldwin,https://github.com/usergenic,https://www.linkedin.com/pub/dir/Brendan/Baldwin,https://www.linkedin.com/in/baldwin,Yes,,
zedshaw,Zed A. Shaw,https://github.com/zedshaw,https://www.linkedin.com/pub/dir/Zed/A. Shaw,https://www.linkedin.com/in/zed-shaw-85a7b82,No,,
muub,Matthew William Boatman,https://github.com/muub,https://www.linkedin.com/pub/dir/Matthew/William Boatman,https://www.linkedin.com/in/boatman,No,,
lzlmike,Zuolin Li  (Mike),https://github.com/lzlmike,https://www.linkedin.com/pub/dir/Zuolin/Li (Mike),https://www.linkedin.com/in/zuolin-li-20192a104,No,,
ohrodr,Robb Driscoll,https://github.com/ohrodr,https://www.linkedin.com/pub/dir/Robb/Driscoll,-,-,Not found,
alykhank,Alykhan Kanji,https://github.com/alykhank,https://www.linkedin.com/pub/dir/Alykhan/Kanji,https://www.linkedin.com/in/alykhank,Direct Profile,,
rochness,Rochelle Lee,https://github.com/rochness,https://www.linkedin.com/pub/dir/Rochelle/Lee,https://www.linkedin.com/in/rochelleylee,Yes,,
mscoutermarsh,Mike Coutermarsh,https://github.com/mscoutermarsh,https://www.linkedin.com/pub/dir/Mike/Coutermarsh,https://www.linkedin.com/in/coutermarsh,Yes,,
trevorgreenleaf,Trevor Greenleaf,https://github.com/trevorgreenleaf,https://www.linkedin.com/pub/dir/Trevor/Greenleaf,https://www.linkedin.com/in/trevorgreenleaf,Direct Profile,,
nixterrimus,Nick Rowe,https://github.com/nixterrimus,https://www.linkedin.com/pub/dir/Nick/Rowe,https://www.linkedin.com/in/nixterrimus,Yes,,
vchintal,Vijay Chintalapati,https://github.com/vchintal,https://www.linkedin.com/pub/dir/Vijay/Chintalapati,https://www.linkedin.com/in/vijaybhaskarchintalapati,Yes,,
diegopitt,Diego,https://github.com/diegopitt,https://www.linkedin.com/pub/dir/Diego/+,https://www.linkedin.com/in/diego-pittaluga-1223b95,No,,
huihuiduan,Huihui Duan,https://github.com/huihuiduan,https://www.linkedin.com/pub/dir/Huihui/Duan,https://www.linkedin.com/in/huihuiduan,Yes,,
kryali,Kiran Ryali,https://github.com/kryali,https://www.linkedin.com/pub/dir/Kiran/Ryali,-,-,Not found,
frank-west-iii,Frank West,https://github.com/frank-west-iii,https://www.linkedin.com/pub/dir/Frank/West,https://www.linkedin.com/in/frankwestiii,No,,
ronenm,Ronen Moldovan,https://github.com/ronenm,https://www.linkedin.com/pub/dir/Ronen/Moldovan,https://il.linkedin.com/in/ronenm,Direct Profile,,
